latitude,longitude,frac_class_11,dist_to_transmission_km,frac_class_21,frac_class_22,frac_class_23,frac_class_24,urban_frac,hybrid_screening_score,hybrid_seasonal_score,jackpot_zone,hybrid_cf_p50,hybrid_risk_spread,solar_stress_ratio_std,wind_stress_ratio_std,P50_for_composite,developability_raw,D_norm,transmission_pct,transmission_score,resource_norm,seasonal_norm,P50_norm_xgb,P50_norm,R_norm,composite_score,composite_rank_pct,cluster_id,cluster_label,composite_persona_balanced,rank_persona_balanced,composite_persona_resource_first,rank_persona_resource_first,composite_persona_conservative,rank_persona_conservative,composite_persona_yield_focus,rank_persona_yield_focus,composite_persona_risk_plus_10pct,rank_persona_risk_plus_10pct,composite_persona_resource_plus_10pct,rank_persona_resource_plus_10pct,rank_delta_resource_first,rank_delta_conservative
42.12,-77.55,0.00042747555191192835,1.6680278391516932,0.046536276863617734,0.017426948527258887,0.0015225156643438543,0.000029279147391227968,0.0655150202026117,0.871900826446281,0.7034279686420933,false,0.06376031,0.01026307513855959,0.02344465956148463,0.06773392065392596,0.06376031,0.9340575042454764,78.23691460055096,29.292929292929294,70.7070707070707,97.33700642791551,89.62350780532599,97.0615243342516,97.0615243342516,87.97061524334252,75.65656565656565,100.0,2,C_moderate_safe,75.65656565656565,1089.0,84.96326905417816,1089.0,46.9329660238751,1089.0,75.04591368227732,1089.0,66.40495867768595,1089.0,76.62534435261708,1089.0,0.0,0.0
42.12,-77.82,0.0005797339079921296,2.425604567813022,0.05722383584746557,0.01578750117117961,0.0016630750491895437,0.00016396514569474375,0.07483837721352947,0.8278236914600551,0.7158771537058539,true,0.074333206,0.01221756888768711,0.02250828463226151,0.07162808816979761,0.074333206,0.9245818888784784,66.62075298438934,40.67952249770432,59.32047750229568,94.90358126721763,90.22038567493112,99.72451790633609,99.72451790633609,97.7961432506887,73.54912764003672,99.90817263544535,2,C_moderate_safe,73.54912764003672,1088.0,82.46097337006428,1087.0,42.747933884297524,1056.0,73.0922865013774,1088.0,63.6730945821855,1086.0,74.72222222222223,1087.0,1.0,32.0
42.21,-77.82,0.002119785444920713,1.0814355174959533,0.058124282669290046,0.020208230857517627,0.00397606164945073,0.0003396341320591198,0.08264820930831752,0.8044077134986225,0.6880291773229414,false,0.06416061,0.010826337707846898,0.02215466610287664,0.07369187190345051,0.06416061,0.9152320052467617,71.02846648301193,20.66115702479339,79.3388429752066,93.80165289256198,88.75114784205694,97.61248852157944,97.61248852157944,91.82736455463728,73.34710743801652,99.81634527089072,2,C_moderate_safe,73.34710743801652,1087.0,82.05693296602388,1085.0,43.983011937557386,1070.0,73.03259871441689,1087.0,63.87511478420569,1088.0,74.29522497704315,1083.0,2.0,17.0
42.03,-77.64,0.0008490604706722802,8.29865806739045,0.05607898019054088,0.009854957049251363,0.0012765185007348764,0.00009954502069950871,0.06731000076122662,0.8957759412304866,0.7542011651703612,true,0.07439992,0.01386131807818386,0.023264634390991197,0.06944537263717328,0.07439992,0.9318409387681011,47.38292011019284,87.87878787878788,12.121212121212125,97.88797061524333,92.19467401285583,99.81634527089072,99.81634527089072,99.81634527089072,72.79155188246096,99.72451790633609,0,A_prime_balanced,72.79155188246096,1086.0,82.38751147842056,1086.0,40.41781450872359,1009.0,70.84022038567494,1080.0,62.8099173553719,1084.0,75.22038567493114,1088.0,0.0,77.0
42.03,-77.55,0.0008900600204948031,3.9995665415412787,0.05314595227638706,0.015564339042599911,0.0012472551602986386,0.00002342263211828429,0.06998096911140389,0.8379247015610651,0.7005382314673575,true,0.06622123,0.01256925281744764,0.024490799750429865,0.06999594324863245,0.06622123,0.9291289708681012,59.50413223140496,60.51423324150596,39.48576675849404,95.68411386593205,89.34802571166207,99.08172635445362,99.08172635445362,98.71441689623508,72.6951331496786,99.63269054178146,2,C_moderate_safe,72.6951331496786,1085.0,81.90541781450872,1083.0,41.386593204775025,1032.0,71.71258034894399,1082.0,62.805325987144165,1083.0,74.33425160697887,1084.0,2.0,53.0
42.21,-77.55,0.0006265921002547361,0.6806829372691704,0.037618950019032,0.015576962492313998,0.0010013761602201856,0.00001756800281088045,0.054214856674377074,0.7855831037649219,0.6051998826228728,false,0.06012619,0.009841995531653512,0.023067585863917245,0.06880253608807718,0.06012619,0.9451585512253682,90.58769513314968,14.14141414141414,85.85858585858585,92.42424242424242,84.15977961432507,89.8989898989899,89.8989898989899,84.29752066115702,72.57116620752984,99.54086317722681,2,C_moderate_safe,72.57116620752984,1084.0,81.7860422405877,1082.0,46.22359963269054,1086.0,72.5137741046832,1086.0,63.86134067952249,1087.0,72.7892561983471,1075.0,2.0,-2.0
42.21,-77.73,0.0015986601705237516,5.656031301319064,0.050518832568162655,0.012853696242855804,0.0011536119179237328,0.000017567694181579688,0.06454370842312378,0.8044077134986225,0.6880291773229414,false,0.06330775,0.010252870329924304,0.02215466610287664,0.07369187190345051,0.06330775,0.9338576314063525,55.46372819100092,74.3801652892562,25.619834710743802,93.80165289256198,88.75114784205694,96.51056014692378,96.51056014692378,87.78696051423324,71.86409550045911,99.44903581267216,2,C_moderate_safe,71.86409550045911,1083.0,80.53719008264463,1075.0,42.438016528925615,1052.0,70.6060606060606,1079.0,62.64921946740128,1082.0,73.6455463728191,1081.0,8.0,31.0
41.85,-74.85,0.00686965230071859,0.9791485832128577,0.06597911578848734,0.017136063624810398,0.005323541296976299,0.00038067126986079144,0.08881939198013483,0.8011937557392103,0.427387659043056,false,0.0646182,0.008765253763139611,0.028060961129896676,0.0475560932205627,0.0646182,0.9043109557191467,66.34527089072543,19.100091827364555,80.89990817263545,93.38842975206612,70.06427915518825,98.25528007346189,98.25528007346189,74.74747474747475,71.83195592286502,99.35720844811755,2,C_moderate_safe,71.83195592286502,1082.0,79.50872359963269,1067.0,44.77272727272727,1076.0,72.37603305785123,1085.0,63.18181818181817,1085.0,72.94077134986226,1078.0,15.0,6.0
42.12,-77.64,0.0004333186941882594,8.734852780830403,0.04884204362465232,0.015464792856097203,0.0015400380617771922,0.00005270092226613966,0.06589957546479285,0.8806244260789715,0.7328456111326134,false,0.06237276,0.01109817900147415,0.022567175472107674,0.07030784773011364,0.06237276,0.9336671058410189,47.474747474747474,90.08264462809917,9.917355371900825,97.47474747474747,91.18457300275482,95.22497704315886,95.22497704315886,93.38842975206612,71.76997245179061,99.2653810835629,0,A_prime_balanced,71.76997245179061,1081.0,81.65059687786962,1080.0,40.86547291092745,1020.0,69.24701561065197,1071.0,62.33930211202938,1080.0,74.38246097337006,1086.0,1.0,61.0
42.21,-77.64,0.0004508962294534786,6.089571840411873,0.0381036592864128,0.013690849148860169,0.0012765633509202383,0.000029278975938537575,0.05310035076213175,0.8250688705234159,0.6679281334928717,false,0.06230305,0.010717400230735464,0.022101516620739926,0.07192615639772332,0.06230305,0.9464487530084148,59.274563820018365,77.22681359044995,22.77318640955005,94.76584022038568,87.51147842056933,95.04132231404958,95.04132231404958,91.00091827364555,71.63452708907255,99.17355371900827,2,C_moderate_safe,71.63452708907255,1080.0,80.88154269972453,1076.0,41.9674012855831,1043.0,70.26400367309458,1077.0,62.332415059687776,1079.0,73.39531680440773,1079.0,4.0,37.0
42.03,-77.73,0.002172678133253688,14.159625159691462,0.05570489057549617,0.012573423051470804,0.00162218825582553,0.00012298178112756723,0.07002348366392007,0.8893480257116622,0.7816557763965728,true,0.06400013,0.01277564499199926,0.024195365319443787,0.06824401479338336,0.06400013,0.9278038382028262,39.39393939393939,98.71441689623508,1.285583103764921,97.70431588613407,93.38842975206612,97.33700642791551,97.33700642791551,99.17355371900827,71.4279155188246,99.08172635445362,0,A_prime_balanced,71.4279155188246,1079.0,81.3269054178145,1078.0,39.017447199265376,978.0,68.6730945821855,1069.0,61.60238751147842,1072.0,74.36179981634527,1085.0,1.0,101.0
42.12,-77.73,0.001059849278892604,7.009875949975766,0.05561573729791133,0.015944583350411937,0.002037721265495172,0.00015809906370221164,0.07375614097752065,0.8278236914600551,0.7158771537058539,true,0.07500833,0.012850687096984142,0.02250828463226151,0.07162808816979761,0.07500833,0.9251840097435868,45.821854912764,82.92011019283746,17.079889807162544,94.90358126721763,90.22038567493112,100.0,100.0,99.35720844811755,71.3957759412305,98.98989898989899,0,A_prime_balanced,71.3957759412305,1078.0,80.34435261707989,1073.0,39.29292929292929,986.0,69.94031221303949,1076.0,61.42791551882461,1071.0,73.59504132231405,1080.0,5.0,92.0
41.94,-74.94,0.011278855951558309,1.4373610875025924,0.04060622386713671,0.015957882901348076,0.003917733453578665,0.00022838804886333026,0.060710228270926786,0.7745638200183655,0.46948827114116376,false,0.062912315,0.009765248859517073,0.029039815665683612,0.04671739221921386,0.062912315,0.9280109157775149,75.94123048668503,25.987144168962352,74.01285583103765,91.643709825528,73.6455463728191,96.23507805325987,96.23507805325987,83.65472910927456,71.22130394857666,98.89807162534436,2,C_moderate_safe,71.22130394857666,1077.0,79.29752066115704,1066.0,43.68227731864095,1065.0,72.02479338842976,1084.0,62.22681359044995,1078.0,71.77685950413223,1068.0,11.0,12.0
42.03,-77.82,0.00031622590241502894,12.1357225920784,0.056692277060738795,0.016004544283338407,0.0017275303928228432,0.00013468881028788268,0.07455904054718793,0.859504132231405,0.751694252821225,true,0.06413385,0.012134527432670503,0.02418709301205677,0.07077750180899028,0.06413385,0.9251247335503971,38.6593204775023,97.15335169880625,2.8466483011937527,96.51056014692378,92.01101928374655,97.52066115702479,97.52066115702479,97.42883379247016,70.95959595959594,98.80624426078971,0,A_prime_balanced,70.95959595959594,1076.0,80.5050505050505,1074.0,38.87511478420569,975.0,68.4435261707989,1066.0,61.212121212121204,1066.0,73.80165289256198,1082.0,2.0,101.0
42.03,-78.0,0.004344974585997705,8.764510086238557,0.04391235097088516,0.003308504907127632,0.00011125945705384957,0.0,0.04733211533506664,0.7662993572084481,0.6827402499829247,true,0.069615304,0.011338223710137263,0.024330987619608505,0.07118737842558703,0.069615304,0.9483229100789357,53.213957759412295,90.17447199265382,9.825528007346179,91.46005509641874,88.1542699724518,99.44903581267216,99.44903581267216,94.58218549127639,70.93204775022956,98.71441689623508,0,A_prime_balanced,70.93204775022956,1075.0,79.0358126721763,1060.0,40.31450872359963,1007.0,70.38337924701561,1078.0,61.23048668503213,1067.0,72.44490358126723,1072.0,15.0,68.0
42.3,-78.45,0.0028459331264273583,3.5899013864774005,0.058001990982022605,0.017251273642911517,0.0023423317912982375,0.000562159629911577,0.07815775604614393,0.7369146005509641,0.7899335200236778,true,0.06287419,0.010665222361164685,0.02225353649091394,0.06671074338473176,0.06287419,0.9189963108274287,56.24426078971534,54.54545454545454,45.45454545454546,88.84297520661157,93.89348025711662,96.14325068870522,96.14325068870522,90.633608815427,70.58310376492196,98.62258953168043,2,C_moderate_safe,70.58310376492196,1074.0,78.46189164370982,1056.0,41.30165289256198,1028.0,69.79568411386593,1074.0,61.24426078971534,1068.0,71.84802571166209,1069.0,18.0,46.0
42.12,-78.18,0.0008198353302179591,1.6349006942824515,0.052106391201995714,0.015295784875209351,0.0019383249593010318,0.00021667076584331777,0.06955717180234942,0.7001836547291093,0.6783487264328737,true,0.06436859,0.010397774331174609,0.023778801013236452,0.07294653373724333,0.06436859,0.9296229928674326,75.75757575757575,28.74196510560147,71.25803489439853,81.86409550045913,88.06244260789715,97.97979797979798,97.97979797979798,88.88888888888889,69.94260789715335,98.5307621671258,2,C_moderate_safe,69.94260789715335,1073.0,76.06290174471994,1038.0,42.41276400367309,1050.0,71.74471992653811,1083.0,60.59917355371901,1063.0,69.44214876033058,1051.0,35.0,23.0
42.21,-79.71,0.0017100323852023635,1.4834691284996773,0.05731536628073813,0.02151009914674069,0.005376060717862226,0.001059985827813794,0.08526151197315483,0.9903581267217632,0.9880877394025402,true,0.051088702,0.00882737455390226,0.018985487258139574,0.09653666956425103,0.051088702,0.9130284556416428,67.30945821854912,26.813590449954084,73.18640955004591,99.44903581267216,99.54086317722681,69.60514233241506,69.60514233241506,75.39026629935721,69.81175390266299,98.43893480257117,2,C_moderate_safe,69.81175390266299,1072.0,83.03030303030303,1088.0,44.96326905417814,1078.0,63.72359963269054,1036.0,62.56198347107437,1081.0,72.910927456382,1076.0,-16.0,-6.0
42.3,-78.36,0.0024652897740248636,11.015076529700645,0.051794508435272966,0.0068278571888669625,0.0009544946155963249,0.00012882749412956531,0.05970568773386582,0.7369146005509641,0.7899335200236778,true,0.06320144,0.010669016708822948,0.02225353649091394,0.06671074338473176,0.06320144,0.9378290224921093,47.61248852157943,95.13314967860423,4.8668503213957734,88.84297520661157,93.89348025711662,96.41873278236915,96.41873278236915,90.72543617998163,69.79338842975207,98.34710743801652,0,A_prime_balanced,69.79338842975207,1071.0,77.6354453627181,1050.0,40.03902662993572,998.0,68.61570247933885,1068.0,60.436179981634524,1061.0,71.4761248852158,1067.0,21.0,73.0
42.12,-79.53,0.000989646772228989,4.892631528358027,0.05019090227677317,0.019090227677316593,0.003823901433523845,0.00020495643211842967,0.07330998781973204,0.8232323232323232,0.8954063972220746,true,0.056817744,0.007812549827535292,0.021888478707396384,0.07561624740665222,0.056817744,0.9257003654080389,53.12213039485766,68.77869605142332,31.221303948576676,94.62809917355372,97.65840220385675,76.21671258034894,76.21671258034894,67.4931129476584,69.19651056014692,98.25528007346189,0,A_prime_balanced,69.19651056014692,1070.0,80.06427915518826,1070.0,44.644168962350776,1075.0,64.20798898071625,1043.0,62.011019283746556,1076.0,72.19237832874195,1070.0,0.0,-5.0
42.3,-78.63,0.0017157781317342828,3.7890915792595683,0.05299002154970486,0.026784877728848498,0.004239670195821231,0.0006792841750210812,0.08469385364939568,0.6873278236914601,0.7933747273216344,true,0.0626252,0.00815102404262574,0.02288006763232744,0.06650547403633073,0.0626252,0.9135903682188701,52.34159779614325,57.30027548209367,42.69972451790633,79.84389348025711,94.16896235078053,95.68411386593205,95.68411386593205,69.14600550964187,69.09550045913682,98.16345270890724,0,A_prime_balanced,69.09550045913682,1069.0,74.16896235078053,1019.0,43.78787878787879,1066.5,69.3801652892562,1072.0,60.853994490358126,1064.0,69.67860422405876,1054.0,50.0,2.5
42.3,-79.44,0.021783430538964234,3.9203013015287698,0.05297706884032511,0.013960133979809336,0.0017508725083737382,0.0003103553275712646,0.06899843065607945,0.9742883379247016,0.9644149989754798,true,0.051625654,0.007491301095189175,0.019349353274201456,0.08349383659070499,0.051625654,0.9092181388049563,48.66850321395776,59.77961432506888,40.22038567493112,99.2653810835629,98.80624426078971,70.24793388429752,70.24793388429752,65.47291092745638,68.95775941230487,98.07162534435263,0,A_prime_balanced,68.95775941230487,1068.0,81.54729109274564,1079.0,44.61891643709825,1074.0,62.098255280073474,1018.0,62.17171717171716,1077.0,72.9384756657484,1077.0,-11.0,-6.0
42.21,-79.62,0.0011067906584526013,6.422415876620215,0.05025063830784006,0.011694502354126163,0.0027347684523670096,0.00019324916258696212,0.0648731582769202,0.9623507805325987,0.965356039736205,true,0.05192838,0.008245725647844992,0.019304342120843403,0.08671206930104841,0.05192838,0.9340200510646272,52.892561983471076,79.88980716253444,20.11019283746556,99.0358126721763,98.98989898989899,70.52341597796143,70.52341597796143,70.24793388429752,68.93250688705233,97.97979797979798,0,A_prime_balanced,68.93250688705233,1067.0,81.67355371900828,1081.0,44.0840220385675,1071.5,62.35078053259872,1023.0,61.89393939393939,1074.0,72.66528925619834,1074.0,-14.0,-4.5
42.3,-75.03,0.002190144350423096,0.2521697397239148,0.05429684068749451,0.005697888911662226,0.0005446080871372939,0.0000351360056217609,0.06057447369191579,0.7258953168044078,0.39345306306237937,false,0.061092846,0.010169921761537384,0.029442658196204338,0.06550023830980028,0.061092846,0.9372353819576611,92.01101928374656,5.693296602387512,94.3067033976125,86.54729109274564,66.89623507805325,93.48025711662076,93.48025711662076,86.77685950413223,68.89348025711662,97.88797061524333,2,C_moderate_safe,68.89348025711662,1066.0,76.51974288337924,1044.0,42.474747474747474,1053.0,71.18916437098257,1081.0,59.88062442607897,1055.0,68.27364554637283,1042.0,22.0,13.0
42.3,-78.54,0.0008080855399533887,3.7968497407730157,0.04508883085247169,0.01160012648295408,0.0004508883085247169,0.000023422769274011266,0.0571632684132245,0.6919191919191918,0.7793183525715456,true,0.06315042,0.010631670087679287,0.022582435250690785,0.06533373672033328,0.06315042,0.9420286460468221,67.90633608815426,57.48393021120294,42.51606978879706,80.53259871441689,93.20477502295684,96.32690541781452,96.32690541781452,90.44995408631772,68.81083562901745,97.7961432506887,2,C_moderate_safe,68.81083562901745,1065.0,74.99081726354454,1029.0,40.952708907254355,1022.0,69.91505968778696,1075.0,59.47199265381083,1050.0,68.6524334251607,1044.0,36.0,43.0
41.94,-74.85,0.01040568711498372,0.13323722637940025,0.05087485067809711,0.019845173681868222,0.005943597311034596,0.0004918839153959665,0.07715550558639589,0.8466483011937558,0.5374118512109998,false,0.05653098,0.008615832605371632,0.028018931979895505,0.04149976007667551,0.05653098,0.9124388072986205,78.78787878787878,3.0303030303030303,96.96969696969697,95.95959595959596,79.15518824609734,75.94123048668503,75.94123048668503,73.46189164370982,68.77410468319557,97.70431588613407,2,C_moderate_safe,68.77410468319557,1064.0,80.24793388429754,1072.0,44.50413223140495,1073.0,65.75298438934801,1051.0,61.30394857667585,1069.0,70.633608815427,1059.0,-8.0,-9.0
42.3,-79.53,0.020883110798781915,0.4352309155538806,0.0767978449285547,0.0438158819395643,0.009387444366362145,0.0022721948934176623,0.1322733661278988,0.9958677685950413,0.9935790410997023,true,0.047871448,0.007475160708341932,0.018581537679723037,0.08708874270398792,0.047871448,0.8468435230733193,55.73921028466483,9.641873278236915,90.35812672176309,99.7704315886134,99.7704315886134,65.38108356290174,65.38108356290174,65.38108356290174,68.53535353535352,97.61248852157944,2,C_moderate_safe,68.53535353535352,1063.0,81.95133149678605,1084.0,44.99999999999999,1080.0,61.17539026629936,1004.0,61.997245179063356,1075.0,72.45638200183654,1073.0,-21.0,-17.0
42.3,-79.08,0.0003337627356833353,0.9033678511340268,0.036321583323574186,0.016893078814849513,0.0026818128586485537,0.0004157395479564352,0.05631221454502869,0.7052341597796143,0.752866337639691,true,0.05921316,0.010760835323820966,0.02242187565123765,0.08090060444917561,0.05921316,0.943354022719288,88.29201101928375,17.90633608815427,82.09366391184574,83.0119375573921,92.1028466483012,85.85858585858585,85.85858585858585,91.3682277318641,68.31955922865014,97.52066115702479,2,C_moderate_safe,68.31955922865014,1062.0,76.6115702479339,1045.0,42.141873278236915,1045.0,68.55601469237833,1067.0,59.45821854912764,1049.0,67.91322314049586,1037.0,17.0,17.0
42.3,-79.35,0.009135200974421437,2.294679908857127,0.04933008526187576,0.016103719666448045,0.0018973109716106061,0.00007027077672631875,0.06740138667666074,0.7860422405876951,0.746162687059256,true,0.05381784,0.007339500601257499,0.019918995695532522,0.0756908916931543,0.05381784,0.9234634123489178,66.62075298438936,39.02662993572085,60.97337006427915,92.60789715335169,91.82736455463728,73.09458218549128,73.09458218549128,64.73829201101928,68.30348943985308,97.42883379247016,2,C_moderate_safe,68.30348943985308,1061.0,79.09779614325069,1061.0,45.35353535353535,1082.0,64.11616161616162,1042.0,61.41184573002754,1070.0,70.57851239669421,1058.0,0.0,-21.0
42.03,-79.62,0.0007905184629978802,8.988369255190875,0.05029454132362069,0.010534390480986568,0.00226615292726059,0.00029278461592514084,0.06338786934779299,0.8186409550045914,0.8146113864245594,true,0.058110774,0.009304044561765687,0.02206046864855952,0.07729113709808018,0.058110774,0.9358216121892091,48.43893480257117,90.81726354453627,9.182736455463726,94.35261707988981,95.54637281910009,80.34894398530761,80.34894398530761,80.0734618916437,68.29660238751147,97.33700642791551,0,A_prime_balanced,68.29660238751147,1060.0,79.1184573002755,1062.0,41.23737373737374,1027.0,63.84067952249771,1039.0,60.27548209366391,1060.0,71.29247015610653,1064.0,-2.0,33.0
42.12,-79.62,0.0006324073640324167,11.540619105317774,0.05014170609453319,0.01809973298355741,0.003484096125919333,0.00023422494964163583,0.07195976015365158,0.8677685950413223,0.9178941936267255,true,0.05461744,0.007720777351223231,0.020940152529691555,0.07971002124360939,0.05461744,0.9274078324823161,40.633608815426996,95.77594123048668,4.22405876951332,97.24517906336088,98.16345270890724,73.73737373737373,73.73737373737373,67.03397612488521,68.24150596877871,97.24517906336088,0,A_prime_balanced,68.24150596877871,1059.0,79.98163452708908,1069.0,43.1198347107438,1063.0,61.83884297520662,1015.0,61.202938475665746,1065.0,72.24747474747475,1071.0,-10.0,-4.0
42.03,-74.85,0.041798910815717044,0.13449809541076496,0.026567898342800256,0.005199976576682087,0.00031621479182526203,0.0,0.032084089711307606,0.8213957759412305,0.5438102538027406,false,0.05690488,0.009782857997471077,0.02849036582222104,0.047935418464074,0.05690488,0.9261169994729753,86.17998163452708,3.1221303948576673,96.87786960514234,94.49035812672176,79.61432506887051,76.5840220385675,76.5840220385675,83.83838383838383,68.22314049586777,97.15335169880625,2,C_moderate_safe,68.22314049586777,1058.0,79.82552800734618,1068.0,42.84894398530761,1058.0,65.86547291092747,1053.0,60.20202020202019,1058.0,69.53397612488521,1052.0,-10.0,0.0
42.03,-79.71,0.00025766102349985653,5.199187088770547,0.05930302693143289,0.011735288433948011,0.0028167034614416135,0.00037477967054524585,0.07422979849736776,0.8186409550045914,0.8146113864245594,true,0.057469264,0.008957667584434975,0.02206046864855952,0.07729113709808018,0.057469264,0.9255125404791323,51.974288337924705,70.89072543617998,29.109274563820023,94.35261707988981,95.54637281910009,77.77777777777779,77.77777777777779,76.67584940312213,68.21854912764005,97.0615243342516,0,A_prime_balanced,68.21854912764005,1057.0,79.25619834710744,1065.0,42.102846648301195,1044.0,63.55371900826447,1035.0,60.49586776859505,1062.0,71.16620752984389,1063.0,-8.0,13.0
42.39,-79.26,0.006986004567546993,1.674329444242647,0.05662587105463489,0.02388007261228553,0.0032909761667740236,0.0003572055981729812,0.08415412543186743,0.923783287419651,0.8918479814422714,true,0.045249276,0.006417948593630322,0.0185411830103136,0.08725310792196801,0.045249276,0.9088598700005857,63.36088154269972,29.660238751147844,70.33976124885216,98.39302112029384,97.47474747474747,62.16712580348944,62.16712580348944,61.98347107438017,67.84664830119374,96.96969696969697,2,C_moderate_safe,67.84664830119374,1056.0,81.2993572084481,1077.0,45.66115702479339,1084.0,60.70707070707071,997.0,61.63911845730027,1073.0,71.40955004591368,1065.0,-21.0,-28.0
41.85,-75.03,0.014234687902564703,0.47818945315807226,0.06624311980325565,0.006950462583440684,0.0012237966975055627,0.00005855486590935707,0.07447593395011126,0.7617079889807163,0.3853774829857975,false,0.059227273,0.00864708252166782,0.028982949653807915,0.04714734038972064,0.059227273,0.9112893781473241,74.33425160697888,10.560146923783286,89.4398530762167,91.23048668503215,66.16161616161617,85.9504132231405,85.9504132231405,73.73737373737373,67.69972451790635,96.87786960514234,2,C_moderate_safe,67.69972451790635,1055.0,76.74012855831037,1046.0,42.63774104683196,1055.0,67.31634527089074,1061.0,59.715335169880625,1053.0,68.80853994490359,1045.0,9.0,0.0
42.3,-78.72,0.0037946441642706143,7.808149139857533,0.05477053529077632,0.025432314205906293,0.004075728917179549,0.0006617203558064497,0.08494029876966862,0.6873278236914601,0.7933747273216344,true,0.062851235,0.008134894367182038,0.02288006763232744,0.06650547403633073,0.062851235,0.9112650570660608,36.27180899908173,86.59320477502295,13.406795224977046,79.84389348025711,94.16896235078053,96.05142332415059,96.05142332415059,69.05417814508723,67.60789715335169,96.78604224058769,0,A_prime_balanced,67.60789715335169,1054.0,72.62167125803488,994.0,41.47382920110193,1034.0,67.14416896235078,1060.0,59.352617079889804,1048.0,68.9761248852158,1048.0,60.0,20.0
42.03,-77.46,0.0015342452918579593,4.778419187658342,0.050653518223554767,0.014891548767919049,0.0012121708985289984,0.000035135388363159375,0.06679237327836597,0.7346189164370982,0.5151886171169917,false,0.062177308,0.011758739240329101,0.024589552511262477,0.07418911268071314,0.062177308,0.9316733814297761,57.3921028466483,67.58494031221304,32.415059687786965,88.38383838383838,77.8696051423324,94.8576675849403,94.8576675849403,96.60238751147841,67.15105601469237,96.69421487603306,2,C_moderate_safe,67.15105601469237,1053.0,75.42929292929294,1033.0,37.20615243342516,920.0,67.09825528007345,1059.0,57.57805325987143,1036.0,68.37695133149678,1043.0,20.0,133.0
41.94,-74.76,0.015367856348025722,7.501752836906732,0.03836107434434775,0.007701498131727829,0.002084968315509587,0.0001991261874363089,0.04834666697902147,0.9283746556473829,0.5865517180318082,false,0.05562829,0.00848291256599561,0.027236356335622755,0.040893808271497654,0.05562829,0.9362854766729528,51.37741046831956,85.58310376492194,14.416896235078056,98.62258953168043,82.09366391184572,74.47199265381084,74.47199265381084,72.35996326905418,67.0752984389348,96.60238751147841,0,A_prime_balanced,67.0752984389348,1052.0,79.24701561065197,1064.0,41.480716253443525,1035.0,61.91689623507806,1016.0,59.73370064279155,1054.0,70.64508723599633,1060.0,-12.0,17.0
42.12,-79.44,0.1214294916087929,2.5513756879102147,0.0744199936758523,0.034753533910314216,0.006845304320329792,0.000702683078220338,0.11672151498471664,0.8232323232323232,0.8954063972220746,true,0.05610631,0.0076777321349297285,0.021888478707396384,0.07561624740665222,0.05610631,0.7618489934064905,31.542699724517906,42.79155188246097,57.20844811753903,94.62809917355372,97.65840220385675,75.20661157024793,75.20661157024793,66.85032139577594,66.7998163452709,96.51056014692378,0,A_prime_balanced,66.7998163452709,1051.0,77.78696051423324,1052.0,41.365932047750235,1031.0,60.58080808080808,996.0,59.69696969696971,1052.0,70.92516069788797,1062.0,-1.0,20.0
42.21,-79.53,0.09886519340898711,1.607440091035085,0.07058286196114254,0.0289030202953542,0.006856855098431883,0.001194533253697783,0.1075372706086264,0.8585858585858586,0.9084818887598752,true,0.05128488,0.007663855593182153,0.020825538200488887,0.07841817068761038,0.05128488,0.7935975359823865,40.633608815426996,28.37465564738292,71.62534435261708,96.37281910009182,98.0257116620753,69.88062442607898,69.88062442607898,66.66666666666666,66.79522497704316,96.37281910009182,0,A_prime_balanced,66.79522497704316,1049.5,78.92102846648302,1058.0,42.201561065197424,1048.0,59.95179063360882,990.0,59.96786042240587,1056.0,70.90679522497703,1061.0,-8.5,1.5
42.39,-78.36,0.002266219278674701,9.929981621523511,0.052556377328437834,0.007677037401401894,0.0004391897826888955,5.8558637691852735e-6,0.06067846037629781,0.7933884297520661,0.8228347419431817,true,0.052575476,0.007393135935745608,0.020107123322294283,0.07522432452493338,0.052575476,0.9370553203450276,47.97979797979797,93.48025711662076,6.519742883379237,92.92929292929293,96.51056014692378,71.62534435261708,71.62534435261708,64.92194674012856,66.79522497704316,96.37281910009182,0,A_prime_balanced,66.79522497704316,1049.5,77.8833792470156,1054.0,43.00045913682277,1060.0,61.173094582185485,1003.0,59.967860422405884,1057.0,70.1078971533517,1056.0,-4.5,-10.5
42.12,-79.71,0.014101085104264876,8.965811849813985,0.06002330661076203,0.01821780554791031,0.003812211961327423,0.0002459491587953176,0.08229927327879508,0.9247015610651974,0.9071118565233265,true,0.052890614,0.008390666860868385,0.019612579989912067,0.09154014039302177,0.052890614,0.9035996416169401,30.257116620752985,90.72543617998163,9.274563820018372,98.5307621671258,97.7961432506887,72.1763085399449,72.1763085399449,71.16620752984389,66.71717171717171,96.23507805325987,0,A_prime_balanced,66.71717171717171,1048.0,79.15518824609732,1063.0,40.484389348025715,1012.0,59.387052341597794,973.0,59.55004591368228,1051.0,71.44857667584941,1066.0,-15.0,36.0
42.21,-77.46,0.003378734467776125,7.316043006329439,0.03899891084122876,0.01673556864628105,0.001147715694426552,0.000040989846229519716,0.05692318502816588,0.7855831037649219,0.6051998826228728,false,0.0570648,0.008379841172857068,0.023067585863917245,0.06880253608807718,0.0570648,0.939698080504058,53.535353535353536,84.48117539026629,15.518824609733713,92.42424242424242,84.15977961432507,77.13498622589532,77.13498622589532,70.98255280073462,66.3682277318641,96.14325068870522,0,A_prime_balanced,66.3682277318641,1047.0,76.83195592286502,1048.0,41.441689623507806,1033.0,62.543617998163455,1026.0,58.96235078053261,1046.0,69.07713498622591,1049.0,-1.0,14.0
42.03,-76.92,0.0019910752977828792,0.058633348095381246,0.06419461004204682,0.018792237148780172,0.0020847729588550144,0.00015811480305922862,0.08522973495274123,0.696969696969697,0.4376412931384131,false,0.06277558,0.01137742739672273,0.026481195687560532,0.07947849902749005,0.06277558,0.9127791897494759,79.75206611570249,1.5610651974288337,98.43893480257117,81.26721763085399,70.52341597796143,95.86776859504133,95.86776859504133,94.8576675849403,66.27180899908173,96.05142332415059,2,C_moderate_safe,66.27180899908173,1046.0,72.88797061524335,999.0,38.31726354453628,951.0,68.92332415059688,1070.0,56.735537190082646,1027.0,65.61753902662993,1017.0,47.0,95.0
42.39,-78.54,0.008350363937670916,2.5318435479684815,0.05048281031322648,0.021918241387589226,0.002266192737642808,0.00018738544600664048,0.07485462988446516,0.731404958677686,0.8327907170882378,true,0.056139097,0.009078754752109702,0.021337579766741097,0.07333970524640192,0.056139097,0.9167950061778639,61.24885215794307,42.33241505968779,57.66758494031221,87.87878787878788,96.87786960514234,75.29843893480258,75.29843893480258,77.77777777777779,66.22589531680441,95.95959595959596,2,C_moderate_safe,66.22589531680441,1045.0,76.39577594123048,1041.0,41.30394857667585,1029.0,62.55739210284665,1027.5,58.57208448117538,1042.0,68.18640955004592,1040.0,4.0,16.0
42.3,-77.82,0.0005504544176894968,5.283843000517228,0.05389768574908648,0.027686686030169588,0.006113557575189731,0.0003279302913894875,0.08802585964583529,0.7066115702479339,0.6284678743356429,false,0.062407352,0.010299534581698012,0.0213621976264342,0.07338840066754186,0.062407352,0.9114236859364752,43.93939393939394,71.53351698806244,28.466483011937555,83.42516069788797,85.16988062442607,95.31680440771349,95.31680440771349,88.24609733700642,66.1386593204775,95.86776859504133,0,A_prime_balanced,66.1386593204775,1044.0,72.93847566574838,1001.0,37.22451790633609,922.0,65.86088154269973,1052.0,56.96051423324151,1032.0,67.51836547291093,1035.0,43.0,122.0
42.12,-77.46,0.0011477425777361363,4.679977482130403,0.047701586929788604,0.022334133630028695,0.002131521930081396,0.0000995491011301751,0.07226679159102888,0.7277318640955004,0.48326996486275225,false,0.061093405,0.010912926488609385,0.02441699292862489,0.0738390605790623,0.061093405,0.926585465831235,54.95867768595041,66.7584940312213,33.2415059687787,87.28191000918274,74.83930211202939,93.5720844811754,93.5720844811754,92.47015610651974,66.09504132231406,95.77594123048668,2,C_moderate_safe,66.09504132231406,1043.0,74.13911845730028,1018.0,36.887052341597794,905.0,66.04453627180901,1056.0,56.792929292929294,1028.0,67.39669421487605,1033.0,25.0,138.0
42.03,-77.91,0.002711185543466804,8.465841977493195,0.05584573764156136,0.01420005387236933,0.001335097848618642,0.00009369107709604506,0.07147458043964537,0.7318640955004592,0.6318633365966199,true,0.060436107,0.010831373388868786,0.02350125035998469,0.07223843037601586,0.060436107,0.9258142340168878,43.20477502295684,88.79706152433425,11.202938475665746,87.97061524334252,85.85858585858585,90.72543617998163,90.72543617998163,91.91919191919192,66.01469237832873,95.68411386593205,0,A_prime_balanced,66.01469237832873,1042.0,74.5959595959596,1025.0,36.51744719926538,893.0,64.29522497704316,1044.0,56.88246097337006,1031.0,68.11524334251607,1038.0,17.0,149.0
42.03,-78.09,0.0003864892719947531,7.804718747381226,0.04025344326805959,0.0056275180361660265,0.0004977513351447578,0.000035135388363159375,0.04641384802773353,0.6831955922865014,0.6090658652642124,true,0.06525442,0.011021779916260244,0.024160380947029193,0.06756277980205232,0.06525442,0.9531996627002717,56.01469237832874,86.50137741046832,13.498622589531678,78.51239669421487,84.38934802571167,98.5307621671258,98.5307621671258,92.92929292929293,66.00550964187327,95.59228650137742,2,C_moderate_safe,66.00550964187327,1041.0,71.57483930211203,980.0,37.162534435261705,918.0,67.58953168044076,1063.0,56.43250688705234,1024.0,66.12947658402204,1024.0,61.0,123.0
42.39,-79.17,0.0010950080515297906,5.936414438084723,0.04719074806031328,0.011231152100717318,0.001048162787293222,0.00004684526423656858,0.059516908212560386,0.9416896235078054,0.9509596339047879,true,0.0407002,0.005489429812779235,0.018479971918284488,0.09096247015923481,0.0407002,0.9393880837359098,57.80532598714417,75.75757575757575,24.24242424242425,98.71441689623508,98.34710743801652,53.994490358126725,53.994490358126725,55.73921028466483,65.7070707070707,95.50045913682277,3,D_lower_tier,65.7070707070707,1040.0,80.13774104683196,1071.0,44.96556473829201,1079.0,56.97199265381083,932.0,60.22038567493113,1059.0,69.98852157943067,1055.0,-31.0,-39.0
