Utility ID,Utility Name,Plant Code,Plant Name,State,County,Generator ID,Status,Technology,Prime Mover,Sector Name,Sector,Nameplate Capacity (MW),Summer Capacity (MW),Winter Capacity (MW),Operating Month,Operating Year,Nameplate Energy Capacity (MWh),Maximum Charge Rate (MW),Maximum Discharge Rate (MW),Storage Technology 1,Storage Technology 2,Storage Technology 3,Storage Technology 4,Nameplate Reactive Power Rating,Storage Enclosure Type,Arbitrage,Frequency Regulation,Load Following,Ramping / Spinning Reserve,Co-Located Renewable Firming,Transmission and Distribution Deferral,System Peak Shaving,Load Management,Voltage or Reactive Power Support,Backup Power,Excess Wind and Solar Generation
16572,Salt River Project,141,Agua Fria,AZ,Maricopa,AFSB1,OP,Batteries,BA,Electric Utility,1,25.0,25.0,25.0,9,2021,100,25,25,LIB,,,,25,OT,Y,,,,,,Y,,,,
54802,Dynegy -Moss Landing LLC,260,Dynegy Moss Landing Power Plant Hybrid,CA,Monterey,BAT1,OP,Batteries,BA,IPP Non-CHP,2,300.0,300.0,300.0,5,2021,1200,300,300,LIB,,,,98.4,BL,Y,Y,,,,,,,,,
54802,Dynegy -Moss Landing LLC,260,Dynegy Moss Landing Power Plant Hybrid,CA,Monterey,BAT2,OP,Batteries,BA,IPP Non-CHP,2,100.0,100.0,100.0,5,2021,400,100,100,LIB,,,,32.8,BL,Y,Y,,,,,,,,,
9216,Imperial Irrigation District,389,El Centro Hybrid,CA,Imperial,BESS,OP,Batteries,BA,Electric Utility,1,30.0,18.9,29.0,10,2016,20,30,30,LIB,,,,14.4,BL,N,Y,Y,Y,N,,,,Y,,
18454,Tampa Electric Co,645,Big Bend,FL,Hillsborough,BESS1,OP,Batteries,BA,Electric Utility,1,12.6,12.6,12.6,2,2017,26.1,12.6,12.6,LIB,,,,10.1,CS,Y,,,,,,,,,,Y
11843,Maui Electric Co Ltd,792,Palaau Power Hybrid,HI,Maui,BAT1,OP,Batteries,BA,Electric Utility,1,2.0,2.0,2.0,5,2017,2,0.5,0.5,OTH,,,,2,CS,,Y,,,,,,,,,
9273,Indianapolis Power & Light Co,990,Harding Street,IN,Marion,BAT1,OP,Batteries,BA,Electric Utility,1,20.0,20.0,20.0,6,2016,20,20,20,LIB,,,,20,BL,,Y,,,,,,,,,
6235,Fayetteville Public Works Commission,1016,Butler-Warner Generation Plant,NC,Cumberland,11,OP,Batteries,BA,Electric Utility,1,0.5,0.5,0.5,9,2019,0.5,0.3,0.5,LIB,,,,0.6,CS,,,,,,Y,,Y,,,
31719,FPL Energy Wyman LLC,1507,William F Wyman Hybrid,ME,Cumberland,BESS,OP,Batteries,BA,IPP Non-CHP,2,16.7,16.2,16.2,12,2016,10.9,16.7,16.2,LIB,,,,10.2,CS,,Y,,,,,,,,,
13206,Nantucket Electric Co,1615,Nantucket Hybrid,MA,Nantucket,20,OP,Batteries,BA,Electric Utility,1,6.0,6.0,6.0,7,2019,48,6,6,LIB,,,,7,BL,,,,,,Y,,,,Y,
18488,City of Taunton,1682,Cleary Flood Hybrid,MA,Bristol,BS1,OP,Batteries,BA,Electric Utility,1,3.0,2.9,3.0,3,2020,6,3,3,LIB,,,,3,CS,Y,,,,,,Y,Y,,,
3542,Duke Energy Ohio Inc,2830,Walter C Beckjord,OH,Clermont,BECK1,OP,Batteries,BA,Electric Utility,1,2.0,2.0,2.0,1,2015,1,2,2,OTH,,,,2,CS,,Y,,,,,,,,,
3542,Duke Energy Ohio Inc,2830,Walter C Beckjord,OH,Clermont,BECK2,OP,Batteries,BA,Electric Utility,1,2.0,2.0,2.0,11,2015,0.8,2,2,OTH,,,,2,CS,,Y,,,,,,,,,
10451,Kotzebue Electric Assn Inc,6304,Kotzebue Hybrid,AK,NORTHWEST ARCTIC,ES1,OP,Batteries,BA,Electric Utility,1,1.2,1.2,1.2,12,2015,1,1.2,1.2,LIB,,,,1.2,CT,,Y,Y,Y,Y,,Y,Y,,Y,Y
13683,North Carolina El Member Corp,6377,Ocracoke Hybrid,NC,Hyde,BAT,OP,Batteries,BA,Electric Utility,1,1.0,1.0,1.0,1,2017,1,0.5,0.5,LIB,,,,0.5,CS,Y,,,,,,,Y,,,
17609,Southern California Edison Co,6704,Pebbly Beach Generating Station Hybrid,CA,Los Angeles,NASB1,OP,Batteries,BA,Electric Utility,1,1.0,1.0,1.0,8,2012,6.8,1,1,NAB,,,,0.8,CS,,,,Y,,,Y,Y,Y,,
189,PowerSouth Energy Cooperative,7063,McIntosh (AL),AL,Washington,1,OP,Natural Gas with Compressed Air Storage,CE,Electric Utility,1,110.0,110.0,110.0,6,1991,110,52,110,,,,,0.9,BL,,,Y,,,,Y,Y,Y,,
55983,Luminant Generation Company LLC,8063,DeCordova Steam Electric Station,TX,Hood,BESS,OP,Batteries,BA,IPP Non-CHP,2,269.1,260.0,260.0,7,2022,263,263,263,LIB,,,,137,CS,,Y,Y,Y,,,,,,,
54736,"VESI Pomona Energy Storage, Inc.",50300,VESI Pomona,CA,Los Angeles,BESS1,OP,Batteries,BA,IPP Non-CHP,2,20.0,20.0,20.0,12,2016,20,20,20,LIB,,,,20,BL,,Y,Y,,,,,,,,
7595,Great Lakes Hydro America LLC,54134,Great Lakes Hydro America - ME,ME,Penobscot,BES1,OP,Batteries,BA,IPP Non-CHP,2,10.0,9.4,9.4,12,2020,10,4,5,LIB,,,,18.2,CS,Y,Y,Y,Y,,,,,Y,,
7595,Great Lakes Hydro America LLC,54134,Great Lakes Hydro America - ME,ME,Penobscot,BES2,OP,Batteries,BA,IPP Non-CHP,2,10.0,9.4,9.4,12,2020,10,4,5,LIB,,,,18.2,CS,Y,Y,Y,Y,,,,,Y,,
1752,Biola University,54296,Biola University Hybrid,CA,Los Angeles,BATT,OP,Batteries,BA,Commercial CHP,5,0.3,0.3,0.3,2,2018,0.5,0.3,0.3,LIB,,,,0.3,CS,,,,,,,Y,,,,
6862,"Green Mountain Storage, LLC",55370,"Green Mountain Storage, LLC",PA,Somerset,BGM,OP,Batteries,BA,IPP Non-CHP,2,10.4,10.4,10.4,5,2016,10.4,10.4,10.4,LIB,,,,10.4,CT,,Y,,,,,,,,,
17609,Southern California Edison Co,56472,Grapeland Hybrid,CA,San Bernardino,BA1,OP,Batteries,BA,Electric Utility,1,10.0,10.0,10.0,12,2016,10,10,10,LIB,,,,6,BL,N,Y,,Y,N,N,,,,,
17609,Southern California Edison Co,56475,Center Hybrid,CA,Los Angeles,BA1,OP,Batteries,BA,Electric Utility,1,10.0,10.0,10.0,12,2016,10,10,10,LIB,,,,6,BL,N,Y,,Y,N,N,,,,,
56023,Arizona Solar One LLC,56812,Solana Generating Station,AZ,Maricopa,GEN 1,OP,Solar Thermal with Energy Storage,CP,IPP Non-CHP,2,140.0,147.8,147.8,10,2013, , , ,,,,, ,,,,,,,,,Y,,,Y
56023,Arizona Solar One LLC,56812,Solana Generating Station,AZ,Maricopa,GEN2,OP,Solar Thermal with Energy Storage,CP,IPP Non-CHP,2,140.0,147.8,147.8,10,2013, , , ,,,,, ,,,,,,,,,Y,,,Y
65411,Duke Energy Renewables Services,56961,Notrees Windpower Hybrid,TX,Ector,BATT,OP,Batteries,BA,IPP Non-CHP,2,36.0,36.0,36.0,12,2012,13.6,36,36,LIB,,,,36,BL,N,Y,,,N,N,,,,,
56215,"RWE Renewables Americas, LLC",56981,Pyron Wind Farm LLC Hybrid,TX,Fisher,PYRBT,OP,Batteries,BA,IPP Non-CHP,2,9.9,9.9,9.9,1,2018,9.9,9.9,9.9,LIB,,,,3.3,CS,,Y,,,,,,,,,
56215,"RWE Renewables Americas, LLC",56984,Inadale Wind Farm LLC Hybrid,TX,Nolan,INABT,OP,Batteries,BA,IPP Non-CHP,2,9.9,9.9,9.9,1,2018,9.9,9.9,9.9,LIB,,,,3.3,CS,,Y,,,,,,,,,
55963,AE Power Services LLC,57045,Rolling Thunder Wind Farm Hybrid,SD,Hand,2,OP,Batteries,BA,IPP Non-CHP,2,0.8,0.8,0.8,11,2018,0.8,0.3,0.3,LIB,,,,0.3,OT,,,,,,,,,,Y,Y
59155,"Evergreen Wind, LLC",57082,Kaheawa Wind Power II LLC,HI,Maui,2,OP,Batteries,BA,IPP Non-CHP,2,10.0,10.0,10.0,6,2012,20,10,10,LIB,,,,10,BL,,Y,Y,Y,Y,,,,Y,Y,Y
19558,Homer Electric Assn Inc,57206,Soldotna,AK,Kenai Peninsula,3,OP,Batteries,BA,Electric Utility,1,46.5,46.5,46.5,1,2022,93,46.5,46.5,LIB,,,,14,CS,,Y,,Y,,,,Y,,,
62893,Mililani I Solar LLC,57242,Mililani South Solar Farm,HI,Honolulu,2,OP,Batteries,BA,IPP Non-CHP,2,39.0,39.0,39.0,7,2022,156,39,39,LIB,,,,156,CS,,,,,,,,,,,Y
56641,Tonopah Solar Energy LLC,57275,Crescent Dunes Solar Energy,NV,Nye,TSE-1,OP,Solar Thermal with Energy Storage,CP,IPP Non-CHP,2,125.0,110.0,110.0,11,2015, , , ,,,,, ,,,,,,,,,,,,
56678,FPL Energy Illinois Wind LLC,57325,FPL Energy Illinois Wind LLC Hybrid,IL,DeKalb,BFT,OP,Batteries,BA,IPP Non-CHP,2,20.0,20.0,20.0,11,2014,8.3,20,20,LIB,,,,20,CS,,Y,,,,,,,,,
61012,AES Distributed Energy,57447,Laurel Mountain Hybrid,WV,Barbour,2,OP,Batteries,BA,IPP Non-CHP,2,16.0,16.0,16.0,10,2011,16,16,16,LIB,,,,0.9,CS,,Y,,,,,,,,,Y
7353,Golden Valley Elec Assn Inc,57583,Battery Energy Storage System,AK,Fairbanks North Star,BESS,OP,Batteries,BA,Electric Utility,1,40.0,40.0,40.0,12,2003,11,4,40,NIB,,,,46,BL,,Y,,Y,,,,,Y,,
56918,University of California San Diego,57584,University of California San Diego Hybrid,CA,San Diego,BS1,OP,Batteries,BA,Commercial CHP,5,2.5,2.5,2.5,12,2015,5,2.5,2.5,LIB,,,,2.5,CS,,,Y,,,,Y,Y,,,
61978,Convergent Energy and Power LP,57710,Stephentown Spindle,NY,Rensselaer,SRS1,OP,Flywheels,FW,IPP Non-CHP,2,20.0,20.0,20.0,1,2011,5,20,20,,,,,6.4,CS,,Y,,,,,,,,,
61978,Convergent Energy and Power LP,57716,Hazle Spindle,PA,Luzerne,HRS1,OP,Flywheels,FW,IPP Non-CHP,2,20.0,20.0,20.0,9,2013,5,20,20,,,,,6.4,CS,,Y,,,,,,,,,
57372,Auwahi Wind Energy LLC,57996,Auwahi Wind Energy Hybrid,HI,Maui,AWEB,OP,Batteries,BA,IPP Non-CHP,2,11.0,11.0,11.0,12,2012,4.4,11,11,LIB,,,,5.4,CS,,Y,,Y,,,,,,,
9417,Interstate Power and Light Co,58236,Marshalltown Generating Station,IA,Marshall,BESS1,OP,Batteries,BA,Electric Utility,1,0.3,0.3,0.3,10,2020,0.6,0.3,0.3,LIB,,,,0.1,CS,,,,,Y,,,Y,,,Y
10433,Kodiak Electric Assn Inc,58405,ESS Battery Microgrid,AK,Kodiak Island,1,OP,Batteries,BA,Electric Utility,1,3.0,3.0,3.0,11,2012,3,3,3,LIB,,,,3,CS,N,Y,Y,Y,Y,Y,Y,Y,Y,Y,Y
58451,"McCoy Solar, LLC",58462,McCoy Solar Energy Project Hybrid,CA,Riverside,MCST1,OP,Batteries,BA,IPP Non-CHP,2,230.0,230.0,230.0,7,2021,920,230,230,LIB,,,,250.4,CS,Y,Y,,Y,,,,Y,Y,,Y
58462,Battery Utility of Ohio LLC,58475,Battery Utility of Ohio,OH,Delaware,BOU,OA,Batteries,BA,IPP Non-CHP,2,4.0,4.0,4.0,3,2014,2,4,4,LIB,,,,4,CS,,Y,,,,,,,,,
58544,Sierra Nevada Brewing Co,58585,Sierra Nevada Brewing Co Hybrid,CA,Butte,BESS,OP,Batteries,BA,Industrial CHP,7,0.5,0.5,0.5,2,2017,1,0.5,0.5,LIB,,,,0.5,OT,,,,,,,Y,,,,Y
58549,County of Alameda GSA,58625,Santa Rita Jail Hybrid,CA,Alameda,SRJBA,OS,Batteries,BA,IPP CHP,3,2.0,2.0,2.0,7,2012,4,0.3,0.3,LIB,,,,2,CS,,,,,,,Y,,,,
15473,Public Service Co of NM,58899,Prosperity Energy Storage Facility Hybrid,NM,Bernalillo,GEN-2,OP,Batteries,BA,Electric Utility,1,0.8,0.8,0.8,9,2011,1.3,0.5,0.5,PBB,,,,0.8,CS,Y,,,,,,Y,Y,,,Y
61944,MN8 Energy LLC,59150,RE Mustang LLC,CA,Kings,BESS1,OP,Batteries,BA,IPP Non-CHP,2,75.0,75.0,75.0,10,2021,75,75,75,LIB,,,,75,CS,,,,,,,,,,,Y
59098,"Northwest Ohio Wind, LLC",59296,Northwest Ohio Wind,OH,Paulding,NWO-B,OP,Batteries,BA,IPP Non-CHP,2,0.8,0.8,0.8,3,2021,3.8,0.2,0.2,LIB,,,,1,CS,Y,,,,Y,,Y,Y,,Y,Y
10000,Evergy Metro,59772,KCP&L SmartGrid Innovation Park,MO,Jackson,1,OA,Batteries,BA,Electric Utility,1,1.0,1.0,1.0,6,2012,1,1,1,LIB,,,,1.3,CS,,,,,,,Y,,,,
59598,Tooele Army Depot,59817,Tooele Army Depot(CSG),UT,Tooele,BATT1,OS,Batteries,BA,IPP Non-CHP,2,1.0,1.0,1.0,10,2020,1,1,1,LIB,,,,600,CS,,,,,,,Y,,,,Y
17650,Southern Power Co,59939,RE Tranquillity,CA,Fresno,BESS1,OP,Batteries,BA,IPP Non-CHP,2,37.0,37.0,37.0,11,2021,128,32,32,LIB,,,,10.5,CS,,Y,,Y,,,,Y,Y,,
17650,Southern Power Co,59939,RE Tranquillity,CA,Fresno,BESS2,OP,Batteries,BA,IPP Non-CHP,2,35.0,35.0,35.0,3,2022,160,35,35,LIB,,,,13.2,CS,,Y,,Y,,,,Y,Y,,
59712,AES Tait LLC,59949,AES Warrior Run Energy Storage Project,MD,Allegany,BESS1,OP,Batteries,BA,IPP Non-CHP,2,11.0,5.0,5.0,12,2015,5,5,5,LIB,,,,5,BL,,Y,,,,,,,,,
49893,Invenergy Services LLC,59957,Grand Ridge Battery Projects,IL,LaSalle,GIVB,OP,Batteries,BA,IPP Non-CHP,2,4.5,4.5,4.5,12,2013,1,1.5,1.5,LIB,,,,0.5,CT,,Y,,,,,,,,,
49893,Invenergy Services LLC,59957,Grand Ridge Battery Projects,IL,LaSalle,GRES,OP,Batteries,BA,IPP Non-CHP,2,31.5,31.5,31.5,3,2015,12.5,31.5,31.5,LIB,,,,0.5,CT,,Y,,,,,,,,,
6452,Florida Power & Light Co,59993,Babcock Solar Energy Center Hybrid,FL,Charlotte,BA,OP,Batteries,BA,Electric Utility,1,10.0,10.0,10.0,3,2018,40,10,10,LIB,,,,7,CS,,,,,Y,,,,,,Y
6452,Florida Power & Light Co,60014,Manatee Solar Energy Center,FL,Manatee,BMS,OP,Batteries,BA,Electric Utility,1,409.0,409.0,409.0,11,2021,900,74.5,409,LIB,,,,134,CS,,Y,,Y,,,Y,,,,
17470,PUD 1 of Snohomish County,60016,MESA 1,WA,Snohomish,A,OA,Batteries,BA,Electric Utility,1,1.0,1.0,1.0,7,2015,0.5,1,1,LIB,,,,0.9,CS,Y,,,,,,Y,Y,,,
17470,PUD 1 of Snohomish County,60016,MESA 1,WA,Snohomish,B,OA,Batteries,BA,Electric Utility,1,1.0,1.0,1.0,2,2016,0.5,1,1,LIB,,,,0.9,CS,Y,,,,,,Y,Y,,,
6452,Florida Power & Light Co,60061,Citrus Solar Energy Center Hybrid,FL,DeSoto,BA,OP,Batteries,BA,Electric Utility,1,4.0,4.0,4.0,3,2018,16,4,4,LIB,,,,16,CS,,,,,Y,,,,,,Y
59843,"Blythe Solar II, LLC",60092,"Blythe Solar II, LLC",CA,Riverside,BLST2,OP,Batteries,BA,IPP Non-CHP,2,115.0,115.0,115.0,3,2021,538.6,115,115,LIB,,,,126.9,CS,Y,Y,,Y,,,,Y,Y,,Y
59842,"Blythe Solar 110, LLC",60093,"Blythe Solar 110, LLC",CA,Riverside,BES1,OP,Batteries,BA,IPP Non-CHP,2,63.0,63.0,63.0,6,2021,301.2,63,63,LIB,,,,68.6,CS,Y,Y,,Y,,,,Y,Y,,Y
59844,"Blythe Solar III, LLC",60094,"Blythe Solar III, LLC Hybrid",CA,Riverside,BLST3,OP,Batteries,BA,IPP Non-CHP,2,115.0,115.0,115.0,5,2021,538.6,115,115,LIB,,,,126.9,CS,Y,Y,,Y,,,,Y,Y,,Y
61123,Upton County Solar 2 LLC,60123,Castle Gap Solar Hybrid,TX,Upton,BAT1,OP,Batteries,BA,IPP Non-CHP,2,9.9,9.9,9.9,6,2019,42,9.9,9.9,LIB,,,,4.8,CS,,Y,Y,,,,,,,,Y
60947,Tesla Inc.,60231,Genentech-Oceanside Hybrid,CA,San Diego,BA1,OP,Batteries,BA,IPP Non-CHP,2,2.0,2.0,2.0,4,2016,2,1,1,LIB,,,,1,CS,,,,,,,,Y,,Y,Y
17650,Southern Power Co,60233,RE Garland,CA,Kern,BESS1,OP,Batteries,BA,IPP Non-CHP,2,45.0,45.0,45.0,8,2021,176,44,44,LIB,,,,14.5,CS,,Y,,Y,,,,Y,Y,,
17650,Southern Power Co,60233,RE Garland,CA,Kern,BESS2,OP,Batteries,BA,IPP Non-CHP,2,43.0,43.0,43.0,12,2021,176,43,43,LIB,,,,14.5,CS,,Y,,Y,,,,Y,Y,,
60038,Silicon Valley Clean Water,60249,Silicon Valley Clean Water,CA,San Mateo,BES,OP,Batteries,BA,IPP CHP,3,1.0,1.0,1.0,11,2020,2,1,1,LIB,,,,1,CS,,,,,,,Y,,,,
60094,"Clinton Battery Utility, LLC",60297,Clinton Battery,OH,Clinton,1,OP,Batteries,BA,IPP Non-CHP,2,10.0,5.0,5.0,10,2016,4.1,5,5,LIB,,,,3.2,CS,,Y,,,,,,,,,
59209,Concord New Energy,60299,HMV Minster Energy Storage System,OH,Auglaize,MIN02,OS,Batteries,BA,IPP Non-CHP,2,7.0,7.0,7.0,3,2016,7,7,7,LIB,,,,5.3,CS,,Y,,,,,,Y,Y,,
49893,Invenergy Services LLC,60390,Beech Ridge Energy Storage,WV,Greenbrier,BRES,OP,Batteries,BA,IPP Non-CHP,2,31.5,31.5,31.5,10,2015,12.5,31.5,31.5,LIB,,,,0.5,CT,,Y,,,,,,,,,
15248,Portland General Electric Co,60441,Salem Smart Power Center,OR,Marion,SSPC,SB,Batteries,BA,Electric Utility,1,5.0,5.0,5.0,8,2013,5,5,5,LIB,,,,5,BL,,Y,,,Y,,Y,Y,,,
15500,Puget Sound Energy Inc,60444,Glacier Battery Storage,WA,Whatcom,GLA,OP,Batteries,BA,Electric Utility,1,2.0,2.0,2.0,9,2016,4.4,2,2,LIB,,,,2,CT,Y,Y,Y,Y,,,Y,,,Y,
60278,64KT 8me LLC,60491,Springbok 3 Solar Farm Hybrid,CA,Kern,SB3BS,OP,Batteries,BA,IPP Non-CHP,2,1.5,1.5,1.5,7,2019,1.5,1.5,1.5,LIB,,,,1.5,CT,,Y,,,,,,,Y,,Y
50174,Electric Transmission Texas LLC,60506,ETT Presidio NaS Battery,TX,Presidio,BOB,OP,Batteries,BA,Electric Utility,1,4.0,4.0,4.0,3,2010,4,4,4,NAB,,,,4,BL,,,,,,,,,,Y,
7601,Green Mountain Power Corp,60518,Stafford Hill Solar Hybrid,VT,Rutland,BA1,OP,Batteries,BA,Electric Utility,1,2.0,2.0,2.0,9,2015,3.4,2,2,LIB,PBB,,,0.5,CS,,Y,,,,,Y,,,,Y
60947,Tesla Inc.,60546,KIUC Kapaia PV and BA Storage Project Hybrid,HI,Kauai,BA1,OP,Batteries,BA,IPP Non-CHP,2,13.0,11.0,11.0,5,2017,52,11,11,LIB,,,,7.8,CS,,,,,,,,,,,Y
7601,Green Mountain Power Corp,60562,GMP Solar - Panton Hybrid,VT,Addison,GMPBP,OP,Batteries,BA,Electric Utility,1,1.0,1.0,1.0,6,2018,4,1,1,LIB,,,,1,OT,,Y,,,,,Y,,,,Y
10433,Kodiak Electric Assn Inc,60563,Flywheel Energy Storage System Microgrid,AK,Kodiak Island,FESS,OP,Flywheels,FW,Electric Utility,1,2.0,2.0,2.0,9,2015,2,2,2,,,,,2,CS,,Y,Y,Y,Y,Y,Y,Y,Y,Y,Y
60336,SDGE Batteries,60565,Borrego Springs Energy Storage,CA,San Diego,SES1,OP,Batteries,BA,Electric Utility,1,0.5,0.5,0.5,12,2012,1.5,0.5,0.5,LIB,,,,1.5,CS,N,,,,,,Y,,,,Y
60336,SDGE Batteries,60565,Borrego Springs Energy Storage,CA,San Diego,SES2,OP,Batteries,BA,Electric Utility,1,1.0,1.0,1.0,2,2014,3,1,1,LIB,,,,1.5,CS,,,,,,,Y,,,Y,Y
60336,SDGE Batteries,60566,Pala Energy Storage Yard,CA,San Diego,SES2,OS,Batteries,BA,Electric Utility,1,1.0,1.0,1.0,8,2015,2,1,1,LIB,,,,1.5,CS,,,,,,,Y,,,,
60336,SDGE Batteries,60567,Ortega Highway Energy Storage,CA,Orange,SES1,OP,Batteries,BA,Electric Utility,1,1.0,1.0,1.0,5,2015,3,1,1,LIB,,,,2,CS,,,,,,,Y,Y,,Y,
60336,SDGE Batteries,60567,Ortega Highway Energy Storage,CA,Orange,SES2,OA,Batteries,BA,Electric Utility,1,1.0,1.0,1.0,10,2015,3,1,1,LIB,,,,2,CS,,,,,,,Y,Y,,Y,
60336,SDGE Batteries,60568,Canyon Crest Academy,CA,San Diego,SES,OP,Batteries,BA,Electric Utility,1,1.0,1.0,1.0,10,2014,3,1,1,LIB,,,,1,CS,,,,,,,Y,Y,,Y,Y
16609,San Diego Gas & Electric Co,60569,El Cajon Energy Storage,CA,San Diego,SES,OP,Batteries,BA,Electric Utility,1,7.5,7.5,7.5,2,2017,30,7.5,7.5,LIB,,,,7.5,CS,Y,,Y,Y,,,,,,N,
16609,San Diego Gas & Electric Co,60570,Escondido Energy Storage,CA,San Diego,SES,OP,Batteries,BA,Electric Utility,1,30.0,30.0,30.0,3,2017,120,30,30,LIB,,,,30,CS,Y,,Y,Y,,,,,,N,N
60947,Tesla Inc.,60607,CMEEC - Polaris Park Solar Hybrid,CT,New London,BA1,OP,Batteries,BA,IPP Non-CHP,2,0.8,0.8,0.8,8,2017,3.3,0.8,0.8,LIB,,,,1,CS,,,,,,,,,,,Y
60947,Tesla Inc.,60609,CMEEC - Norwich Stott St Solar Hybrid,CT,New London,BA1,OP,Batteries,BA,IPP Non-CHP,2,0.8,0.8,0.8,12,2016,3,0.8,0.8,LIB,,,,1,CS,,,,,,,,,,Y,Y
61978,Convergent Energy and Power LP,60641,Henrietta D Energy Storage LLC,CA,Kings,HDES1,OP,Batteries,BA,IPP Non-CHP,2,10.0,10.0,10.0,11,2021,40,10,10,LIB,,,,10,CS,Y,Y,,,,,,,,,
60389,Rabbit Hill Energy Storage Project,60649,Rabbit Hill Energy Storage Project,TX,Williamson,1,OP,Batteries,BA,IPP Non-CHP,2,9.9,9.9,9.9,4,2020,9.9,9.9,9.9,LIB,,,,9.9,CS,,Y,,,,,,,,,
60387,"Townsite Solar, LLC",60654,Townsite Solar Project Hybrid,NV,Clark,GEN02,OP,Batteries,BA,IPP Non-CHP,2,90.0,90.0,90.0,12,2021,360,90,90,LIB,,,,210,CS,Y,Y,,Y,Y,,,,Y,,Y
65549,McHenry Battery Storage,60656,McHenry Battery Storage,IL,McHenry,MCH1,OP,Batteries,BA,IPP Non-CHP,2,19.8,19.8,19.8,2,2016,7.8,19.8,19.8,LIB,,,,6.1,CS,,Y,,,,,,,,,
60394,"Willey Battery Utility, LLC",60660,Willey Battery Utility,OH,Hamilton,WBU,OP,Batteries,BA,IPP Non-CHP,2,6.0,6.0,6.0,1,2016,2,6,6,LIB,,,,6,CS,,Y,,,,,,,,,
17609,Southern California Edison Co,60661,Mira Loma Energy Storage Facility,CA,San Bernardino,013A,OP,Batteries,BA,Electric Utility,1,10.0,10.0,10.0,12,2016,40,10,10,LIB,,,,3.3,CS,Y,Y,Y,Y,,Y,Y,Y,Y,,
17609,Southern California Edison Co,60661,Mira Loma Energy Storage Facility,CA,San Bernardino,013B,OP,Batteries,BA,Electric Utility,1,10.0,10.0,10.0,12,2016,40,10,10,LIB,,,,3.3,CS,Y,Y,Y,Y,,Y,Y,Y,Y,,
60409,"Blue Summit Storage, LLC",60690,"Blue Summit Storage, LLC",TX,Wilbarger,WBSS,OP,Batteries,BA,IPP Non-CHP,2,30.0,30.0,30.0,8,2017,12.6,30,30,LIB,,,,12.5,CS,,Y,,,,,,,,,
20323,"Wellhead Services, Inc",60698,Stanton Energy Reliability Center Hybrid,CA,Orange,BESS1,OP,Batteries,BA,IPP Non-CHP,2,10.0,10.0,10.0,8,2020,4.5,10,10,LIB,,,,0,CS,,Y,Y,Y,,,,,,,
20323,"Wellhead Services, Inc",60698,Stanton Energy Reliability Center Hybrid,CA,Orange,BESS2,OP,Batteries,BA,IPP Non-CHP,2,10.0,10.0,10.0,8,2020,4.5,10,10,LIB,,,,0,CS,,Y,Y,Y,,,,,,,
17609,Southern California Edison Co,60699,DESI-1 Battery Energy Storage Facility,CA,Orange,DESI1,OP,Batteries,BA,Electric Utility,1,2.4,2.4,2.4,12,2016,3.9,2.4,2.4,LIB,,,,2.4,CS,,,,,,Y,,,,,
61198,esVolta LP,60760,PPA Grand,CA,Orange,PE101,OP,Batteries,BA,IPP Non-CHP,2,2.0,2.0,2.0,12,2016,8,2,2,LIB,,,,2,BL,Y,Y,,,,,,,,,
60947,Tesla Inc.,60815,Hampshire College Hybrid,MA,Hampshire,BA1,OP,Batteries,BA,IPP Non-CHP,2,0.5,0.5,0.5,5,2017,0.5,0.3,0.3,LIB,,,,0.3,CS,,,,,,,Y,,,Y,Y
60947,Tesla Inc.,60815,Hampshire College Hybrid,MA,Hampshire,BA2,OP,Batteries,BA,IPP Non-CHP,2,0.5,0.5,0.5,12,2017,0.5,0.3,0.3,LIB,,,,0.3,CS,,,,,,,Y,,,Y,Y
60471,"Mt. Tom Solar, LLC",60906,Mt. Tom Solar Project Hybrid,MA,Hampden,BA1,OP,Batteries,BA,IPP Non-CHP,2,3.1,3.1,3.1,3,2019,6.1,2,3.1,LIB,,,,2.3,CS,,,,,,,,Y,,,Y
58375,Sterling Municipal Light Department,60959,Chocksett Rd Energy Storage Project,MA,Worcester,BA1,OP,Batteries,BA,Electric Utility,1,2.0,2.0,2.0,4,2017,3.9,2,2,LIB,,,,1,CS,Y,,,,N,Y,Y,Y,,Y,
7294,City of Glendale - (CA),60974,Glendale Battery Energy Storage System,CA,Los Angeles,2BESS,OP,Batteries,BA,Electric Utility,1,2.0,2.0,2.0,10,2017,1,1,2,LIB,,,,2,CS,,,,,,Y,,,,,
56215,"RWE Renewables Americas, LLC",60996,Iron Horse Battery Storage Hybrid,AZ,Pima,BA1,OP,Batteries,BA,IPP Non-CHP,2,10.0,10.0,10.0,4,2017,2.5,10,10,LIB,,,,10,CS,,Y,,,,,,,,,Y
61012,AES Distributed Energy,61068,AES Lawai Solar Hybrid,HI,Kauai,LAWA2,OP,Batteries,BA,IPP Non-CHP,2,20.0,20.0,20.0,12,2018,100,20,20,LIB,,,,20,CS,,,,,,,Y,,,,Y
56769,Consolidated Edison Development Inc.,61098,Battle Mountain Solar Project,NV,Humboldt,BMBS,OP,Batteries,BA,IPP Non-CHP,2,25.0,25.0,25.0,6,2021,25,25,25,LIB,,,,0.8,CS,,,,,,,,Y,Y,Y,Y
60336,SDGE Batteries,61107,Vanadium Redox Flow Battery Plant,CA,San Diego,VRF,OP,Batteries,BA,Electric Utility,1,2.0,2.0,2.0,6,2017,8,2,2,FLB,,,,2.3,CS,,Y,Y,,Y,,Y,Y,Y,Y,Y
60834,Pima Energy Storage System,61197,Pima Energy Storage System,AZ,Pima,PIMA,OP,Batteries,BA,IPP Non-CHP,2,10.0,10.0,10.0,1,2017,2,8,10,LIB,,,,2.9,CS,,Y,,,,,,,,,
62160,"AES ES Alamitos, LLC",61204,"AES ES Alamitos, LLC",CA,Los Angeles,ALMTS,OP,Batteries,BA,IPP Non-CHP,2,100.0,100.0,100.0,1,2021,400,100,100,LIB,,,,100,BL,Y,Y,,,,,,,,,
17633,Southern Indiana Gas & Elec Co,61334,Volkman Road Solar Array Hybrid,IN,Vanderburgh,VRSA2,OP,Batteries,BA,Electric Utility,1,1.0,1.0,1.0,1,2019,4.6,1,1,LIB,,,,1.2,CT,,,,,,,Y,,,,Y
54888,NRG Texas Power LLC,61362,NRG Elbow Creek Energy Storage Project,TX,Howard,ECBS,OP,Batteries,BA,IPP Non-CHP,2,2.0,2.0,2.0,11,2017,0.7,2,2,LIB,,,,2,CS,Y,Y,,,,,,,,,
16609,San Diego Gas & Electric Co,61366,Top Gun Energy Storage,CA,San Diego,TGES,OP,Batteries,BA,Electric Utility,1,30.0,30.0,30.0,6,2021,120,30,30,LIB,,,,30,CS,Y,,Y,Y,,,,,,N,
11208,Los Angeles Department of Water & Power,61431,Beacon BESS 1,CA,Kern,BCNB1,OP,Batteries,BA,Electric Utility,1,20.0,20.0,20.0,10,2018,10,20,20,LIB,,,,15,CS,,Y,,,Y,,,,Y,,Y
15466,Public Service Co of Colorado,61439,Panasonic Carport Solar Hybrid,CO,Adams,PANBS,OP,Batteries,BA,Electric Utility,1,1.0,1.0,1.0,8,2017,2.2,1,1,LIB,,,,1,CS,Y,Y,,Y,,,,,,Y,Y
61091,Hopewell Valley High School,61473,Hopewell Valley High School Hybrid,NJ,Mercer,BA1,OP,Batteries,BA,IPP Non-CHP,2,1.0,1.0,1.0,12,2015,1,0.5,0.5,LIB,,,,0.5,BL,,,,,,,,,,,Y
13478,"Entergy New Orleans, LLC",61647,ENO Paterson Solar,LA,Orleans,NOSPB,OP,Batteries,BA,Electric Utility,1,0.5,0.5,0.5,6,2016,0.5,0.5,0.5,LIB,,,,0.4,CS,,Y,,,Y,,,Y,Y,,Y
61277,"Vista Energy Storage, LLC",61661,Vista Energy Storage System ,CA,San Diego,VISTA,OP,Batteries,BA,IPP Non-CHP,2,40.0,40.0,40.0,6,2018,40,40,40,LIB,,,,40,BL,Y,Y,,Y,,,,,,,
61295,"Pinal Central Energy Center, LLC",61678,Pinal Central Energy Center Hybrid,AZ,Pinal,BA1,OP,Batteries,BA,IPP Non-CHP,2,10.0,10.0,10.0,4,2018,40,10,10,LIB,,,,10,CS,,,,,,,Y,,,,Y
17833,City Utilities of Springfield - (MO),61679,Cox Battery Energy Storage,MO,Greene,1,OP,Batteries,BA,Electric Utility,1,1.2,1.2,1.2,9,2017,1.5,1.2,1,PBB,,,,1.2,CS,,,,,,,,Y,,,
61344,Electrodes,61721,HEBT WLA 1,CA,Orange,WLA01,OP,Batteries,BA,Commercial Non-CHP,4,1.0,1.0,1.0,8,2019,6.9,1,1,LIB,,,,1,OT,Y,,,,,,Y,Y,,,
61344,Electrodes,61722,HEBT Irvine 1,CA,Orange,IRV01,OP,Batteries,BA,IPP Non-CHP,2,1.0,1.0,1.0,5,2018,6.5,1,1,LIB,,,,1,OT,,,,,,,Y,Y,,,
61344,Electrodes,61722,HEBT Irvine 1,CA,Orange,IRV1W,OP,Batteries,BA,IPP Non-CHP,2,4.5,4.5,4.5,5,2018,27,4.5,4.5,LIB,,,,4.5,OT,,,,,,,Y,Y,,,
61344,Electrodes,61723,HEBT Irvine 2,CA,Orange,IRV06,OP,Batteries,BA,IPP Non-CHP,2,2.5,2.5,2.5,8,2018,15,2.5,2.5,LIB,,,,2.5,OT,,,,,,,Y,Y,,,
61344,Electrodes,61723,HEBT Irvine 2,CA,Orange,IRV2W,OP,Batteries,BA,IPP Non-CHP,2,3.3,3.3,3.3,2,2018,19.8,3.3,3.3,LIB,,,,3.3,OT,,,,,,,Y,Y,,,
58764,"Origis Energy USA, Inc",61730,MA Solar Storage 1 Hybrid,MA,Worcester,61730,OP,Batteries,BA,IPP Non-CHP,2,1.0,1.0,1.0,4,2018,2,1,1,LIB,,,,1,CS,Y,,,,,,Y,,,,Y
61353,Philadelphia Authority for Industrial Development,61737,Navy Yard Peaker Station,PA,Philadelphia,GEN5,OP,Batteries,BA,IPP Non-CHP,2,6.2,6.2,6.2,8,2021,6.2,6.2,6.2,LIB,,,,6.4,CS,,Y,,,,,Y,,,,
61364,Lockheed Martin RMS Syracuse,61739,Lockheed Martin RMS Syracuse,NY,Onondaga,SYR1,OP,Batteries,BA,Industrial Non-CHP,6,1.0,1.0,1.0,8,2017,1.3,1,1,LIB,,,,1,CS,Y,,,,,,Y,Y,,,
1015,Austin Energy,61741,Kingsberry Energy Storage System,TX,Travis,KBESS,OP,Batteries,BA,Electric Utility,1,1.5,1.5,1.5,9,2018,3,1.5,1.5,LIB,,,,1.5,CS,Y,,Y,,Y,,Y,Y,Y,,Y
1015,Austin Energy,61742,System Control Center,TX,Travis,GEN1,SB,Flywheels,FW,Electric Utility,1,2.5,2.5,2.5,6,2012,2.5,2.5,2.5,,,,,0,CS,,,,,,,,,,Y,
1015,Austin Energy,61742,System Control Center,TX,Travis,GEN2,SB,Flywheels,FW,Electric Utility,1,2.5,2.5,2.5,6,2012,2.5,2.5,2.5,,,,,0,CS,,,,,,,,,,Y,
6452,Florida Power & Light Co,61763,Sunshine Gateway Solar Energy Center,FL,Columbia,2,OP,Batteries,BA,Electric Utility,1,30.0,30.0,30.0,12,2021,75,30,30,LIB,,,,30,CS,,,,,,Y,Y,,,,Y
61420,ENGIE Storage Services NA LLC,61795,Pacific Union College BESS,CA,Napa,12649,OP,Batteries,BA,Commercial Non-CHP,4,1.0,1.0,1.0,6,2020,2,1,1,LIB,,,,1,CS,Y,,,,,,,Y,,,
61482,"AES ES GILBERT, LLC",61861,AES ES GILBERT,AZ,Maricopa,SRP,OP,Batteries,BA,IPP Non-CHP,2,10.0,10.0,10.0,1,2019,40,10,10,LIB,,,,10,BL,Y,,,,,,,,,,
61506,"Stryker 22, L.L.C.",61891,"Stryker 22, L.L.C.",NJ,Warren,EDGRD,OP,Batteries,BA,IPP Non-CHP,2,19.8,19.8,19.8,12,2018,19.8,19.8,19.8,LIB,,,,19.8,CS,,Y,,,,,,,,,
61507,Plumsted 537 LLC,61892,Plumsted 537 LLC,NJ,Ocean,PLMST,OP,Batteries,BA,IPP Non-CHP,2,19.8,19.8,19.8,2,2019,19.8,19.8,19.8,LIB,,,,19.8,CS,,Y,,,,,,,,,
61944,MN8 Energy LLC,61901,Redstone Arsenal Hybrid,AL,Madison,BA,OP,Batteries,BA,IPP Non-CHP,2,1.0,1.0,1.0,12,2017,2,0.5,0.5,LIB,,,,1,CS,Y,,Y,Y,,,,Y,Y,,N
4254,Consumers Energy Co,61909,Parkview Battery,MI,Kalamazoo,PKVWB,OP,Batteries,BA,Electric Utility,1,1.1,1.0,1.0,9,2018,1,1.1,1.1,LIB,,,,1.1,CS,,,,,,,Y,,,,Y
803,Arizona Public Service Co,61913,Punkin Center Battery Storage,AZ,Gila,B1,OP,Batteries,BA,Electric Utility,1,2.0,2.0,2.0,6,2018,8,2,2,LIB,,,,2.2,CS,,Y,,,,,,,,Y,
61522,"Viridity Energy Solutions, Inc.",61923,ACUA,NJ,Atlantic,VACUA,OP,Batteries,BA,IPP Non-CHP,2,1.0,1.0,1.0,6,2018,1,1,1,LIB,,,,1,CS,,Y,,,,,,,,,
61531,"Casa Mesa Wind, LLC",61925,Casa Mesa Wind Energy Center Hybrid,NM,Quay,CMNMB,OP,Batteries,BA,IPP Non-CHP,2,1.0,1.0,1.0,11,2018,1,1,1,LIB,,,,12.5,CS,,Y,,,,,,,,,Y
60146,Ameresco Federal Solutions,61956,MCRD Parris Island PV Hybrid,SC,Beaufort,TBESS,OP,Batteries,BA,IPP Non-CHP,2,4.0,4.0,4.0,12,2018,8,4,4,LIB,,,,4,CS,,,,,,,,,,,Y
61576,Ameren Illinois,61990,TAC-Distributed Energy Resource Hybrid,IL,Champaign,BA,OP,Batteries,BA,Electric Utility,1,0.3,0.3,0.3,5,2017,0.5,0.3,0.3,LIB,,,,0.3,CT,N,,Y,,,,,Y,,Y,
61872,Gavilan District College Solar Project,61993,Gavilan Community College Solar Project,CA,Santa Clara,GDCBA,OP,Batteries,BA,Commercial Non-CHP,4,0.5,0.5,0.5,6,2019,0.5,0.2,0.3,LIB,,,,0.3,CS,,,,,,,,,,,Y
61944,MN8 Energy LLC,61995,UC Merced Solar Hybrid,CA,Merced,UCMBA,OP,Batteries,BA,IPP Non-CHP,2,0.5,0.5,0.5,12,2018,0.9,0.5,0.5,LIB,,,,0.5,CS,N,,,,,,Y,,,,Y
61597,Caldwell Wastewater Treatment Plant,62027,Caldwell Wastewater Treatment Plant Hybrid,NJ,Essex,BAT1,OP,Batteries,BA,IPP Non-CHP,2,1.0,0.5,0.5,12,2016,2,0.5,0.5,OTH,,,,0.5,OT,,Y,,,Y,,,,,Y,Y
61687,"KCE NY 1, LLC",62147,KCE NY 1,NY,Saratoga,KNY1,OP,Batteries,BA,IPP Non-CHP,2,20.0,20.0,20.0,3,2019,8.4,20,20,LIB,,,,6.5,CS,,Y,,,,,,,,,
61684,"Diablo Energy Storage, LLC",62175,Diablo Energy Storage,CA,Contra Costa,DIBLO,OP,Batteries,BA,IPP Non-CHP,2,200.0,200.0,200.0,4,2022,800,200,200,LIB,,,,66,CS,Y,Y,Y,Y,,,,,,,
11806,Massachusetts Mun Wholes Electric Co,62219,Ashburnham Energy Storage Project,MA,Worcester,AMLPB,OP,Batteries,BA,Electric Utility,1,3.0,3.0,3.0,3,2019,3,3,3,LIB,,,,3,CT,,,,,,N,Y,,,,
2144,Town of Braintree - (MA),62257,Station 9 Energy Storage System,MA,Norfolk,ESS1,OP,Batteries,BA,Electric Utility,1,2.0,2.0,2.0,6,2018,4.2,2,2,LIB,,,,2,CS,,,,,,,Y,,,,
19499,"United Power, Inc",62373,I25 Battery Storage,CO,Weld,I25BA,OP,Batteries,BA,Electric Utility,1,4.0,4.0,4.0,12,2018,16,4,4,LIB,,,,0.4,CS,,,,,,,Y,,,,
7601,Green Mountain Power Corp,62381,GMP Solar/Storage-Milton Hybrid,VT,Chittenden,GMPBM,OP,Batteries,BA,Electric Utility,1,2.0,2.0,2.0,9,2019,8,2,2,LIB,,,,2,OT,,Y,Y,,,,Y,Y,,,Y
7601,Green Mountain Power Corp,62382,GMP Solar/Storage-Ferrisburgh Hybrid,VT,Addison,GMPBF,OP,Batteries,BA,Electric Utility,1,2.0,2.0,2.0,9,2019,8,2,2,LIB,,,,2,OT,,Y,Y,,,,Y,Y,,,Y
7601,Green Mountain Power Corp,62383,GMP Solar/Storage-Essex Hybrid,VT,Chittenden,GMPBE,OP,Batteries,BA,Electric Utility,1,2.0,2.0,2.0,9,2019,8,2,2,LIB,,,,2,OT,,Y,,,,,Y,Y,,,Y
61957,Kearny Mesa Storage LLC,62441,Kearny Mesa Storage LLC,CA,San Diego,U1,OP,Batteries,BA,IPP Non-CHP,2,1.0,1.0,1.0,2,2020,1,1,1,LIB,,,,1,CS,,,,,Y,,,,,,
61728,GlidePath Power Operations LLC,62444,Meyersdale Battery,PA,Somerset,BMY,OP,Batteries,BA,IPP Non-CHP,2,18.0,18.0,18.0,12,2015,12.1,18,18,LIB,,,,18,CT,,Y,,,,,,,,,
17609,Southern California Edison Co,62460,DESI-2 Battery Storage Facility,CA,Orange,DESI2,OP,Batteries,BA,Electric Utility,1,1.4,1.4,1.4,12,2019,3.7,1.4,1.4,LIB,,,,1.4,CS,,,,,,,Y,,,,
6452,Florida Power & Light Co,62490,Echo River Solar,FL,Suwannee,2,OP,Batteries,BA,Electric Utility,1,30.0,30.0,30.0,12,2021,75,30,30,LIB,,,,30,CS,,,,,,Y,Y,,,,Y
61978,Convergent Energy and Power LP,62497,Orange County Energy Storage 2,CA,Orange,OCES2,OP,Batteries,BA,IPP Non-CHP,2,9.0,9.0,9.0,11,2021,36,9,9,LIB,,,,9,CS,Y,,,,,,,,,,
61978,Convergent Energy and Power LP,62499,Orange County Energy Storage 3,CA,Orange,OCES3,OP,Batteries,BA,IPP Non-CHP,2,6.0,6.0,6.0,11,2021,24,6,6,LIB,,,,6,CS,Y,,,,,,,,,,
14328,Pacific Gas & Electric Co.,62564,Elkhorn Battery Energy Storage System,CA,Monterey,ELKHO,OP,Batteries,BA,Electric Utility,1,182.5,182.5,182.5,4,2022,730,182.5,182.5,LIB,,,,60,CS,Y,Y,,Y,,,,,,,
12341,MidAmerican Energy Co,62569,Knoxville Battery Energy Storage,IA,Marion,ES1,OP,Batteries,BA,Electric Utility,1,1.1,1.1,1.1,12,2018,4,1.1,1.1,LIB,,,,1.1,CS,Y,,,,,,,,,,
11806,Massachusetts Mun Wholes Electric Co,62585,Beebe Substation Battery Storage,MA,Middlesex,WAKFD,OP,Batteries,BA,Electric Utility,1,3.0,3.0,3.0,3,2019,3,3,3,LIB,,,,3,CT,,,,,,,Y,,,,
59497,Eversource,62604,Outer Cape Community Battery,MA,Barnstable,OCESS,OP,Batteries,BA,IPP Non-CHP,2,25.0,25.0,25.0,12,2022,38,10,25,LIB,,,,16.5,BL,,,,,,,Y,,Y,Y,
16604,City of San Antonio - (TX),62609,Commerce ESS,TX,Bexar,BA1,OP,Batteries,BA,Electric Utility,1,10.0,10.0,10.0,6,2019,10,10,10,LIB,,,,10,CS,Y,Y,,,,,,,,,Y
62109,"Searcy Solar, LLC",62617,Searcy Solar Hybrid,AR,White,SEABT,OP,Batteries,BA,Electric Utility,1,10.0,10.0,10.0,1,2022,30,10,10,LIB,,,,7.8,CS,,,,N,,,Y,,,,Y
62122,"Minuteman Energy Storage, LLC",62644,Minuteman Energy Storage,MA,Middlesex,MMES,OP,Batteries,BA,IPP Non-CHP,2,5.0,5.0,5.0,5,2019,10,5,5,LIB,,,,5,CS,,,,,,,Y,Y,,,
63359,"REA Investments, LLC",62652,Happy Hollow CSG Hybrid,MA,Worcester,HHESS,OP,Batteries,BA,IPP Non-CHP,2,3.3,3.3,3.3,10,2019,6.6,3.3,3.3,LIB,,,,3.3,CS,N,N,,,,,,,,,Y
61204,"Today's Power, Inc.",62682,Noland Wastewater Treatment Plant Hybrid,AR,Washington,FAYEB,OP,Batteries,BA,Commercial Non-CHP,4,6.0,6.0,6.0,7,2019,13.1,6,6,LIB,,,,6,BL,,,,,,,Y,,,,
61204,"Today's Power, Inc.",62683,Westside Wastewater Treatment Plant Hybrid,AR,Washington,FAYWB,OP,Batteries,BA,Commercial Non-CHP,4,6.0,6.0,6.0,7,2019,13.1,6,6,LIB,,,,6,BL,,,,,,,Y,,,,
56769,Consolidated Edison Development Inc.,62695,CED Northampton Solar LLC Hybrid,MA,Hampshire,NSES,OP,Batteries,BA,IPP Non-CHP,2,2.3,2.3,2.3,12,2020,4.9,2,2,LIB,,,,2,CS,,,,,Y,,Y,,,,
40215,"Cordova Electric Coop, Inc",62714,Eyak Service Center BESS,AK,Valdez Cordova,BESS1,OP,Batteries,BA,Electric Utility,1,1.0,1.0,1.0,8,2019,0.9,1,1,LIB,,,,0.8,CS,,Y,Y,Y,,,Y,Y,Y,,
62652,"East Hampton Energy Storage Center, LLC",62733,East Hampton Energy Storage Center,NY,Suffolk,BEH,OP,Batteries,BA,IPP Non-CHP,2,5.0,5.0,5.0,8,2018,40,5,5,LIB,,,,5,BL,Y,,,Y,,,Y,,Y,,
62651,"Montauk Energy Storage Center, LLC",62734,Montauk Energy Storage Center,NY,Suffolk,BME,OP,Batteries,BA,IPP Non-CHP,2,5.0,5.0,5.0,2,2019,40,5,5,LIB,,,,0.7,BL,,,,,,,Y,,,,
62668,"Wheatridge Wind Holdings, LLC",62745,Wheatridge Hybrid,OR,Morrow,BTRY,OP,Batteries,BA,IPP Non-CHP,2,30.0,30.0,30.0,3,2022,120,30,30,LIB,,,,30,CS,,,,,,,,,,,Y
61728,GlidePath Power Operations LLC,62753,Prospect Storage,TX,Brazoria,BESS,OP,Batteries,BA,IPP Non-CHP,2,9.9,9.9,9.9,1,2020,10,9.9,9.9,LIB,,,,3.3,CS,Y,Y,,Y,,,,,,,
61420,ENGIE Storage Services NA LLC,62754,San Diego International Airport BESS,CA,San Diego,BA,OP,Batteries,BA,Commercial Non-CHP,4,2.0,2.0,2.0,6,2021,4,2,2,LIB,,,,2,CS,Y,,,,,,Y,,,,
61522,"Viridity Energy Solutions, Inc.",62801,Vallecito,CA,Santa Barbara,ORN34,OP,Batteries,BA,IPP Non-CHP,2,10.0,10.0,10.0,2,2021,10,10,10,LIB,,,,10,CS,,Y,Y,,,,Y,,,,
63332,Acushnet,62835,Acushnet Ball Plant 2,MA,Bristol,ESS-1,OP,Batteries,BA,Industrial Non-CHP,6,1.0,1.0,1.0,6,2019,2,1,1,LIB,,,,1,CS,,,,,,,Y,,,,
63332,Acushnet,62835,Acushnet Ball Plant 2,MA,Bristol,ESS-2,OP,Batteries,BA,Industrial Non-CHP,6,0.5,0.5,0.5,6,2019,1,0.5,0.5,LIB,,,,0.5,CS,,,,,,,Y,,,,
4226,Consolidated Edison Co-NY Inc,62839,98th Street Battery Storage Station,NY,Queens,ESS98,OP,Batteries,BA,Electric Utility,1,2.0,1.8,1.8,6,2021,12,1,2,LIB,,,,2,CS,,,,,,,Y,,,,
62707,Marengo Battery Storage LLC,62856,Marengo Battery Storage LLC,IL,McHenry,MBSS,OA,Batteries,BA,IPP Non-CHP,2,20.0,20.0,20.0,12,2018,20,20,20,LIB,,,,23.4,CS,,Y,,,,,,,,,
15470,"Duke Energy Indiana, LLC",62862,Nabb Battery Energy Storage System,IN,Clark,ES1,OP,Batteries,BA,Electric Utility,1,5.0,5.0,5.0,12,2020,5,5,5,LIB,,,,5,CS,,Y,,,,,,,,,
62747,Acorn I Energy Storage LLC,62874,Acorn I Energy Storage LLC,CA,Ventura,ACOR1,OP,Batteries,BA,IPP Non-CHP,2,2.0,2.0,2.0,4,2021,6,2,2,LIB,,,,3,CS,Y,Y,,,,,,,,,
62748,Wildcat I Energy Storage LLC,62875,Wildcat I Energy Storage LLC,CA,Riverside,WILD1,OP,Batteries,BA,IPP Non-CHP,2,3.0,3.0,3.0,11,2021,12,3,3,LIB,,,,3,CS,Y,Y,,,,,,,,,
62763,Hecate Energy Johanna Facility LLC,62889,Hecate Energy Johanna Facility,CA,Orange,HEGJF,OP,Batteries,BA,IPP Non-CHP,2,10.0,10.0,10.0,10,2021,40,10,10,LIB,,,,0.5,CS,Y,Y,,,,,,,,,
62763,Hecate Energy Johanna Facility LLC,62889,Hecate Energy Johanna Facility,CA,Orange,HJFII,OP,Batteries,BA,IPP Non-CHP,2,10.0,10.0,10.0,10,2021,40,10,10,LIB,,,,0.5,CS,Y,Y,,,,,,,,,
61522,"Viridity Energy Solutions, Inc.",62907,Hinesburg,VT,Chittenden,VEC,OP,Batteries,BA,IPP Non-CHP,2,1.9,1.9,1.9,9,2019,1.9,1.9,1.9,LIB,,,,1.9,CS,,Y,Y,,,,Y,,,,
62731,"Gopher Energy Storage, LLC",62908,Anoka BESS,MN,Anoka,BA,OP,Batteries,BA,IPP Non-CHP,2,6.0,6.0,6.0,12,2018,12,6,6,LIB,,,,4.9,CS,,,,,,Y,Y,,,,Y
62731,"Gopher Energy Storage, LLC",62937,Athens BESS,MN,Isanti,BA,OP,Batteries,BA,IPP Non-CHP,2,6.0,6.0,6.0,12,2018,12,6,6,LIB,,,,4.9,CS,,,,,Y,,Y,,,,Y
62812,"Syncarpha Tewksbury, LLC",62968,Syncarpha Tewksbury Hybrid CSG,MA,Middlesex,SYTKB,OP,Batteries,BA,IPP Non-CHP,2,2.0,2.0,2.0,2,2022,4,2,2,LIB,,,,0.6,CT,Y,,,Y,,,Y,,,,Y
62826,"Syncarpha Puddon I, LLC",62969,Syncarpha Puddon I Hybrid CSG,MA,Worcester,SYP1B,OP,Batteries,BA,IPP Non-CHP,2,4.0,4.0,4.0,3,2021,8,4,4,LIB,,,,1.2,CT,Y,,,Y,,,Y,,,,Y
62827,"Syncarpha Puddon II, LLC",62970,Syncarpha Puddon II Hybrid CSG,MA,Worcester,SYP2B,OP,Batteries,BA,IPP Non-CHP,2,4.0,4.0,4.0,3,2021,8,4,4,LIB,,,,1.2,CT,Y,,,Y,,,Y,,,,Y
62814,"Syncarpha Leicester, LLC",62972,Syncarpha Leicester Hybrid CSG,MA,Worcester,SYLEB,OP,Batteries,BA,IPP Non-CHP,2,2.0,2.0,2.0,6,2021,4.2,2,2,NIB,,,,1.2,CT,Y,,,Y,,,Y,,,,Y
62819,"Syncarpha Halifax, LLC",62973,Syncarpha Halifax Hybrid CSG,MA,Plymouth,SYHAB,OP,Batteries,BA,IPP Non-CHP,2,1.6,1.6,1.6,12,2020,3.2,1.6,1.6,NIB,,,,1,CT,Y,,,Y,,,Y,,,,Y
62822,"Syncarpha Blandford, LLC",62975,Syncarpha Blandford Hybrid CSG,MA,Hampden,SYBLB,OP,Batteries,BA,IPP Non-CHP,2,3.9,3.9,3.9,5,2020,7.9,3.9,3.9,NIB,,,,2.3,CT,Y,,,Y,,,Y,,,,Y
62821,"Syncarpha Northampton, LLC",62976,Syncarpha Northampton Hybrid CSG,MA,Hampshire,SYNOB,OP,Batteries,BA,IPP Non-CHP,2,2.0,2.0,2.0,12,2020,4,2,2,LIB,,,,0.6,CT,Y,,,Y,,,Y,,,,Y
62824,"Syncarpha Northbridge I, LLC",62977,Syncarpha Northbridge I Hybrid(CSG),MA,Worcester,SYN1B,OP,Batteries,BA,IPP Non-CHP,2,4.0,4.0,4.0,2,2022,8,4,4,LIB,,,,1.2,CT,Y,,,Y,,,Y,,,,Y
62825,"Syncarpha Northbridge II, LLC",62978,Syncarpha Northbridge II Hybrid CSG,MA,Worcester,SYN2B,OP,Batteries,BA,IPP Non-CHP,2,3.0,3.0,3.0,4,2021,6,3,3,LIB,,,,0.9,CT,Y,,,Y,,,Y,,,,Y
56404,National Grid,62981,East Pulaski BESS,NY,Oswego,BESS,OP,Batteries,BA,Electric Utility,1,2.0,2.0,2.0,12,2018,4.2,2,2,LIB,,,,0.6,CS,,,Y,,,Y,Y,,,,
61012,AES Distributed Energy,62999,"Finchville Solar, LLC Hybrid CSG",NY,Orange,BESS,OP,Batteries,BA,IPP Non-CHP,2,3.0,3.0,3.0,10,2020,4.4,1.9,1.9,LIB,,,,0.9,CT,,,,,,,Y,,,,Y
61012,AES Distributed Energy,63000,"RT 52 Walden Solar 1, LLC Hybrid",NY,Orange,BESS,OP,Batteries,BA,IPP Non-CHP,2,4.0,4.0,4.0,1,2020,8.8,3.9,3.9,LIB,,,,0.9,CT,,,,,,,Y,,,,Y
61012,AES Distributed Energy,63011,"Cronin Road Solar 1, LLC CSG Hybrid",MA,Worcester,BESS,OP,Batteries,BA,IPP Non-CHP,2,1.5,1.5,1.5,7,2020,7.7,1.5,1.5,LIB,,,,0.9,CT,,,,,,,Y,,,,Y
62876,"Department of the Army, Fort Carson",63022,Fort Carson Battery Energy Storage System,CO,El Paso,1,OP,Batteries,BA,Commercial Non-CHP,4,4.2,4.2,4.2,12,2018,8.5,4.2,4.2,LIB,,,,1.4,CS,,,,,,,,Y,,,
61012,AES Distributed Energy,63044,Ryan Road Solar LLC Hybrid(CSG),MA,Worcester,BESS,OP,Batteries,BA,IPP Non-CHP,2,4.3,4.3,4.3,12,2021,14,4.3,4.3,LIB,,,,0.9,CT,,,,,,,Y,,,,Y
3046,Duke Energy Progress - (NC),63064,Asheville-Rock Hill Battery,NC,Buncombe,ES1,OP,Batteries,BA,Electric Utility,1,8.8,8.8,8.8,8,2020,8.8,8.8,8.8,LIB,,,,8.8,CS,Y,Y,,,,,,,,,
62731,"Gopher Energy Storage, LLC",63090,Athens - Coopers Corner BESS,MN,Isanti,COOPR,OP,Batteries,BA,IPP Non-CHP,2,3.0,3.0,3.0,12,2018,6,3,3,LIB,,,,4.9,CS,,,,,Y,,Y,,,,Y
62856,"Forefront Power, LLC",63091,UC Santa Cruz Solar,CA,Santa Cruz,18027,OP,Batteries,BA,IPP Non-CHP,2,1.0,1.0,1.0,12,2022,1,1,1,LIB,,,,0,CS,N,,,,,,Y,,,,Y
62894,Imeson Solar Farm LLC,63186,Imeson Solar,FL,Duval,IMESS,OP,Batteries,BA,IPP Non-CHP,2,5.0,5.0,5.0,12,2019,3.8,1.5,1.5,LIB,,,,4,CS,,,,,,,Y,,,,
62950,"HG Solar Development, LLC",63214,Middleton Solar Park,MA,Essex,MDB02,OP,Batteries,BA,IPP Non-CHP,2,3.0,3.0,3.0,12,2019,6.6,3,2.7,LIB,,,,0.2,CS,,,,,,,,Y,,,Y
63012,"2W Permian Solar, LLC",63255,2W Permian Solar Project Hybrid,TX,Andrews,2WPBA,OP,Batteries,BA,IPP Non-CHP,2,40.0,40.0,40.0,10,2021,40,40,40,LIB,,,,13.1,BL,Y,Y,,,,,,,,,Y
61012,AES Distributed Energy,63264,Partridge Hill Solar Hybrid,MA,Worcester,BATT,OP,Batteries,BA,IPP Non-CHP,2,1.3,1.3,1.3,7,2020,1.5,1.3,1.3,LIB,,,,0.9,CS,,,,,,,Y,,,,Y
61012,AES Distributed Energy,63280,"AES Kekaha Solar, LLC Hybrid",HI,Kauai,BESS,OP,Batteries,BA,IPP Non-CHP,2,14.0,14.0,14.0,4,2021,70,8,8,LIB,,,,10,CT,,,,,,,Y,,Y,,Y
15470,"Duke Energy Indiana, LLC",63324,Camp Atterbury Microgrid Hybrid,IN,Johnson,ES1,OP,Batteries,BA,Electric Utility,1,5.0,5.0,5.0,11,2019,5,5,5,FLB,,,,3.3,BL,,Y,,,,,Y,,,Y,Y
63107,"Lansing Renewables, LLC",63337,"Lansing Renewables, LLC",NY,Tompkins,14320,OP,Batteries,BA,IPP Non-CHP,2,3.0,3.0,3.0,4,2022,3,3,3,LIB,,,,0,CT,,,,,,,,,,,Y
63108,"Granby Solar, LLC",63338,"Granby Solar, LLC CSG",MA,Hampshire,4788,OP,Batteries,BA,IPP Non-CHP,2,2.0,2.0,1.8,3,2022,2,2,2,LIB,,,,0,CT,,,,,,,,,,,Y
63110,"Owlville Creek Solar 2, LLC",63340,"Owlville Creek Solar 2, LLC",NY,Madison,20660,OP,Batteries,BA,IPP Non-CHP,2,3.0,3.0,3.0,7,2022,12.8,3,3,LIB,,,,0,CS,,,,,,,,,,,Y
63111,"Owlville Creek Solar, LLC",63341,"Owlville Creek Solar, LLC",NY,Madison,20660,OP,Batteries,BA,IPP Non-CHP,2,3.0,3.0,3.0,7,2022,12.8,3,3,LIB,,,,0,CS,,,,,,,,,,,Y
63163,Kearsarge Amesbury LLC,63398,Kearsarge Amesbury Hybrid,MA,Essex,AMBAT,OP,Batteries,BA,IPP Non-CHP,2,1.6,1.6,1.6,12,2019,3.8,1.5,1.5,LIB,,,,1.6,CS,,,,,Y,,,,,,Y
61012,AES Distributed Energy,63415,"Middletown Solar 1, LLC Hybrid CSG",NY,Orange,BATT,OP,Batteries,BA,IPP Non-CHP,2,1.6,1.6,1.6,12,2020,6.6,1.6,1.6,LIB,,,,0.9,CS,,,,,,,Y,,,,Y
62856,"Forefront Power, LLC",63420,Fresno Bullard High School Hybrid,CA,Fresno,BA903,OP,Batteries,BA,IPP Non-CHP,2,0.4,0.4,0.4,3,2020,0.4,0.4,0.4,LIB,,,,0,CS,,,,,,,Y,,,,Y
62856,"Forefront Power, LLC",63421,Fresno Hoover High School Hybrid,CA,Fresno,BA291,OP,Batteries,BA,IPP Non-CHP,2,0.2,0.2,0.2,3,2020,0.2,0.2,0.2,LIB,,,,0,CS,,,,,,,Y,,,,Y
62856,"Forefront Power, LLC",63422,Fresno Sunnyside High School Hybrid,CA,Fresno,BA112,OP,Batteries,BA,IPP Non-CHP,2,0.3,0.3,0.3,12,2020,0.3,0.3,0.3,LIB,,,,0,CS,,,,,,,Y,,,,Y
63187,Rush Springs Energy Storage,63458,Rush Springs Energy Storage (BA),OK,Grady,RUSHE,OP,Batteries,BA,IPP Non-CHP,2,10.0,10.0,10.0,3,2020,20,10,10,FLB,,,,10,CS,Y,,,,,,,,,,
61012,AES Distributed Energy,63468,Hurteau Solar Project Hybrid,MA,Worcester,BATT,OP,Batteries,BA,IPP Non-CHP,2,1.3,1.3,1.3,3,2020,1.5,1.3,1.3,LIB,,,,0.9,CS,,,,,,,Y,,,,Y
61012,AES Distributed Energy,63469,Alicea Solar Project Hybrid CSG,MA,Worcester,BATT,OP,Batteries,BA,IPP Non-CHP,2,1.5,1.5,1.5,12,2020,3,1.5,1.5,LIB,,,,0.9,CS,,,,,,,Y,,,,Y
61012,AES Distributed Energy,63470,McDougle-Mitchell Solar Project Hybrid CSG,MA,Worcester,BATT,OP,Batteries,BA,IPP Non-CHP,2,2.9,2.9,2.9,8,2020,5.7,2.9,2.9,LIB,,,,0.9,CS,,,,,,,Y,,,,Y
61012,AES Distributed Energy,63472,Cycz Solar Project CSG Hybrid,MA,Worcester,BATT,OP,Batteries,BA,IPP Non-CHP,2,1.3,1.3,1.3,6,2020,2.5,1.3,1.3,LIB,,,,0.9,CS,,,,,,,Y,,,,Y
61012,AES Distributed Energy,63473,West A&B Solar Project Hybrid CSG,MA,Worcester,BATT,OP,Batteries,BA,IPP Non-CHP,2,1.8,1.8,1.8,12,2020,3.5,1.8,1.8,LIB,,,,0.9,CS,,,,,,,Y,,,,Y
61012,AES Distributed Energy,63474,Annese Solar Project Hybrid CSG,MA,Worcester,BATT,OP,Batteries,BA,IPP Non-CHP,2,3.5,3.5,3.5,12,2020,6.7,3.5,3.5,LIB,,,,0.9,CS,,,,,,,Y,,,,Y
61012,AES Distributed Energy,63475,Randall Solar Project Hybrid,MA,Worcester,BATT,OP,Batteries,BA,IPP Non-CHP,2,3.3,3.3,3.3,7,2021,6,3.2,3.2,LIB,,,,0.9,CT,,,,,,,Y,,,,Y
63226,CalCom Energy,63486,D'Arrigo Brothers - Phase 4,CA,Monterey,DA04B,OP,Batteries,BA,IPP Non-CHP,2,0.5,0.5,0.5,7,2019,0.8,0.1,0.1,LIB,,,,0.1,CS,,,,,,,Y,,,,
60947,Tesla Inc.,63510,Walnut Unified School District Walnut HS Hybrid,CA,Los Angeles,ST1,OP,Batteries,BA,IPP Non-CHP,2,0.5,0.5,0.5,2,2020,0.5,0.1,0.1,LIB,,,,0.1,CS,,,,,,,,Y,,Y,Y
56215,"RWE Renewables Americas, LLC",63522,Hickory Park Solar Hybrid,GA,Mitchell,HPBAT,OP,Batteries,BA,IPP Non-CHP,2,40.0,40.0,40.0,6,2022,80,42,42,LIB,,,,240,OT,,,,,Y,,,,,,Y
63260,Cobb Electric Membership Corporation,63535,Solar BESS Hybrid,GA,Cobb,TEST,OP,Batteries,BA,IPP Non-CHP,2,1.0,1.0,1.0,10,2020,4,1,1,LIB,,,,1,BL,,,,,,,Y,Y,,Y,
14154,Orange & Rockland Utils Inc,63585,NY3 Battery,NY,Rockland,NY3,OP,Batteries,BA,Electric Utility,1,3.0,3.0,3.0,12,2020,12,3,3,LIB,,,,3,CS,,,,,,,Y,Y,,N,
63785,"Hybrid-Electric Building Technologies West Los Angeles 1, LLC",63609,Allergan,CA,Orange,ALRGN,OP,Batteries,BA,Commercial Non-CHP,4,1.5,1.5,1.5,7,2019,9,1.5,1.5,LIB,,,,1.5,OT,Y,,,,,,,Y,,,
63785,"Hybrid-Electric Building Technologies West Los Angeles 1, LLC",63610,Baker,CA,Orange,BAKER,OP,Batteries,BA,Commercial Non-CHP,4,1.2,1.2,1.2,4,2019,6.3,1.2,1.2,LIB,,,,1.2,OT,Y,,,,,,Y,,,,
63785,"Hybrid-Electric Building Technologies West Los Angeles 1, LLC",63611,CSU Long Beach,CA,Los Angeles,CSULB,OP,Batteries,BA,Commercial Non-CHP,4,2.5,2.5,2.5,3,2017,15,2.5,2.5,LIB,,,,2.5,OT,Y,,,,,,Y,,,,
63785,"Hybrid-Electric Building Technologies West Los Angeles 1, LLC",63612,DATS,CA,Orange,DATS0,OP,Batteries,BA,Commercial Non-CHP,4,1.0,1.0,1.0,4,2017,6,1,1,LIB,,,,1,OT,Y,,,,,,Y,,,,
63785,"Hybrid-Electric Building Technologies West Los Angeles 1, LLC",63613,Downey,CA,Los Angeles,DOWNY,OP,Batteries,BA,Commercial Non-CHP,4,2.0,2.0,2.0,12,2019,13,2,2,LIB,,,,2,OT,Y,,,,,,Y,,,,
63785,"Hybrid-Electric Building Technologies West Los Angeles 1, LLC",63614,LAWRP,CA,Orange,LAWRP,OP,Batteries,BA,Commercial Non-CHP,4,1.0,1.0,1.0,4,2019,5,1,1,LIB,,,,1,OT,Y,,,,,,Y,,,,
63785,"Hybrid-Electric Building Technologies West Los Angeles 1, LLC",63615,Long Beach Convention Center,CA,Los Angeles,LBCON,OP,Batteries,BA,Commercial Non-CHP,4,1.5,1.5,1.5,4,2019,8.6,1.5,1.5,LIB,,,,1.5,OT,Y,,,,,,Y,,,,
63785,"Hybrid-Electric Building Technologies West Los Angeles 1, LLC",63616,OCSD,CA,Orange,OCSD1,OP,Batteries,BA,Commercial Non-CHP,4,4.9,4.9,4.9,8,2019,32.6,4.9,4.9,LIB,,,,4.9,OT,Y,,,,,,Y,,,,
63785,"Hybrid-Electric Building Technologies West Los Angeles 1, LLC",63617,SOCCD,CA,Orange,SOCCD,OP,Batteries,BA,Commercial Non-CHP,4,1.3,1.3,1.3,6,2019,7.2,1.3,1.3,LIB,,,,1.3,OT,Y,,,,,,Y,,,,
61012,AES Distributed Energy,63685,Luna Storage,CA,Los Angeles,LUNA,OP,Batteries,BA,IPP Non-CHP,2,100.0,100.0,100.0,6,2022,400,100,100,LIB,,,,0.9,CT,,Y,,,,,,,,,N
63414,"Cool Springs Solar, LLC",63721,Cool Springs Solar (Hybrid),GA,Decatur,CSBAT,OP,Batteries,BA,IPP Non-CHP,2,40.0,40.0,40.0,12,2021,80,40,40,LIB,,,,72.4,CS,,,,,,,Y,,,,Y
60025,Greenbacker Renewable Energy Corporation,63722,Rawhide Prairie Solar Hybrid,CO,Larimer,BA1,OP,Batteries,BA,IPP Non-CHP,2,1.0,1.0,1.0,3,2021,2,1,1,LIB,,,,1,CS,,,,,,,,Y,,,Y
61944,MN8 Energy LLC,63727,Slate Hybrid,CA,Kings,SLB3C,OP,Batteries,BA,IPP Non-CHP,2,33.8,33.8,33.8,3,2022,135,33.8,33.8,LIB,,,,11.1,CS,,,,,Y,,,,,,Y
61944,MN8 Energy LLC,63727,Slate Hybrid,CA,Kings,SLBES,OP,Batteries,BA,IPP Non-CHP,2,50.0,50.0,50.0,4,2022,200,50,50,LIB,,,,16.4,CS,,,,,Y,,,,,,Y
61944,MN8 Energy LLC,63727,Slate Hybrid,CA,Kings,SLBPW,OP,Batteries,BA,IPP Non-CHP,2,10.0,10.0,10.0,3,2022,40,10,10,LIB,,,,3.3,CS,,,,,Y,,,,,,Y
61944,MN8 Energy LLC,63727,Slate Hybrid,CA,Kings,SLBSV,OP,Batteries,BA,IPP Non-CHP,2,46.5,46.5,46.5,2,2022,186,46.5,46.5,LIB,,,,15.2,CS,,,,,Y,,,,,,Y
63420,"Taos Mesa Energy Facility, LLC",63728,Taos Mesa Energy Facility Hybrid,NM,Taos,BESS,OP,Batteries,BA,Electric Utility,1,12.0,12.0,12.0,11,2022,25,12,12,LIB,,,,5,CS,,,,,,,Y,Y,,,Y
63424,"Silverstrand Grid, LLC",63735,Silverstrand Grid Energy Storage System,CA,Ventura,SLV01,OP,Batteries,BA,IPP Non-CHP,2,11.0,11.0,11.0,4,2021,44,11,11,LIB,,,,3.6,CS,Y,Y,N,Y,,,,,,,
63430,"Chisholm Grid, LLC",63737,Chisholm Grid Energy Storage System,TX,Tarrant,CHS01,OP,Batteries,BA,IPP Non-CHP,2,100.0,100.0,100.0,10,2021,125,100,100,LIB,,,,33,CS,Y,Y,,Y,,,,,,,
64541,CES Agawam Tuckahoe Solar LLC,63763,CES Agawam Tuckahoe Solar Hybrid,MA,Hampden,ATES,OP,Batteries,BA,IPP Non-CHP,2,2.6,2.6,2.6,12,2021,5.2,2.6,2.6,LIB,,,,0.1,CS,,,,,Y,,Y,,,,Y
59474,BQ Energy LLC,63774,Mount Kisco Landfill Solar & Storage CSG,NY,Westchester,KISCB,OP,Batteries,BA,IPP Non-CHP,2,0.7,0.5,0.5,12,2020,2.1,0.5,0.7,LIB,,,,0.5,CS,,,Y,,Y,N,,,,,Y
7140,Georgia Power Co,63775,Tech Square Microgrid,GA,Fulton,BESS1,OP,Batteries,BA,Electric Utility,1,0.2,0.2,0.2,10,2020,0.4,0.2,0.2,LIB,,,,0,BL,,,,,,,,,,Y,
63491,"Partridgeville Road Solar 1, LLC",63804,Partridgeville Hybrid CSG,MA,Worcester,PBESS,OP,Batteries,BA,IPP Non-CHP,2,2.0,2.0,2.0,1,2020,3.9,2,2,LIB,,,,2,CS,,,,,N,,,,,,Y
63490,Williamsville Road LLC,63805,Williamsville Hybrid CSG,MA,Worcester,WBESS,OP,Batteries,BA,IPP Non-CHP,2,3.3,3.3,3.3,9,2021,6.7,3.3,3.3,LIB,,,,2.3,CS,,,,,,,,,,,Y
63512,"Gateway Energy Storage, LLC",63834,Gateway Energy Storage System,CA,San Diego,GTWAY,OP,Batteries,BA,IPP Non-CHP,2,250.0,250.0,250.0,7,2020,250,250,250,LIB,,,,69.6,BL,Y,,Y,Y,,,,,,,
63522,"Johanna Energy Center, LLC",63843,"Johanna Energy Center, LLC",CA,Orange,SASP1,OP,Batteries,BA,IPP Non-CHP,2,20.0,20.0,20.0,6,2021,20,20,20,LIB,,,,27.5,CT,,,,Y,Y,,,Y,,,
63550,"Ventura Energy Storage, LLC",63891,Saticoy,CA,Ventura,SATCY,OP,Batteries,BA,IPP Non-CHP,2,100.0,100.0,100.0,4,2021,400,100,100,LIB,,,,70,CS,Y,Y,,Y,,,,,Y,,
63549,"Lily Solar, LLC",63892,Lily Solar Hybrid,TX,Kaufman,LILYB,OP,Batteries,BA,IPP Non-CHP,2,50.0,50.0,50.0,9,2021,76,50,50,LIB,,,,20,CS,,Y,,,,,,,Y,,Y
63571,"Azure Sky Solar Project, LLC",63905,Azure Sky Solar,TX,Haskell,ASKYB,OP,Batteries,BA,IPP Non-CHP,2,77.6,77.6,77.6,6,2022,77.6,77.6,77.6,LIB,,,,44.7,CS,,Y,N,,,,,,,,Y
63578,"Dodge Flat Solar, LLC",63913,Dodge Flat,NV,Washoe,DODGB,OP,Batteries,BA,IPP Non-CHP,2,50.0,50.0,50.0,3,2022,200,50,50,LIB,,,,16.4,CS,,,,,,,Y,,,,Y
61230,"Arevon Energy, Inc.",63930,Cal Flats BESS,CA,Monterey,CF60,OP,Batteries,BA,IPP Non-CHP,2,60.0,60.0,60.0,11,2021,242,60,60,LIB,,,,66.5,CS,Y,Y,,Y,Y,,,Y,Y,,N
64172,Arevon Asset Management,63943,Coso Battery Storage,CA,Inyo,61730,OP,Batteries,BA,IPP Non-CHP,2,60.0,60.0,60.0,4,2022,240,60,60,LIB,,,,20,CS,Y,Y,,,,,Y,,N,,
6455,"Duke Energy Florida, LLC",63995,Trenton,FL,Gilchrist,ES1,OP,Batteries,BA,Electric Utility,1,11.0,11.0,11.0,12,2021,10.1,11,11,LIB,,,,1.7,CS,,,,,,,Y,Y,,,
6455,"Duke Energy Florida, LLC",63996,Cape San Blas,FL,Gulf,ES1,OP,Batteries,BA,Electric Utility,1,5.5,5.5,5.5,8,2022,14.3,5.5,5.5,LIB,,,,0,CS,,,,,,Y,,,,,
6455,"Duke Energy Florida, LLC",63998,Jennings Energy Storage Facility,FL,Hamilton,ES1,OP,Batteries,BA,Electric Utility,1,5.5,5.5,5.5,8,2022,5.5,5.5,5.5,LIB,,,,0,CS,,,,,,Y,,,,,
6455,"Duke Energy Florida, LLC",63999,Micanopy Energy Storage Facility,FL,Alachua,ES1,OP,Batteries,BA,Electric Utility,1,8.3,8.3,8.3,10,2022,11.7,8.3,8.3,LIB,,,,0,CS,,,,,,Y,,,,,
61012,AES Distributed Energy,64000,Amaterasu LLC,MA,Worcester,BESS,OP,Batteries,BA,IPP Non-CHP,2,3.2,3.2,3.2,6,2021,6,3.2,3.2,LIB,,,,0.9,CT,,,,,,,Y,,,,Y
63707,OYA Blanchard Road LLC,64084,Blanchard Road 1 Community Solar,NY,Jefferson,BR1S,OP,Batteries,BA,IPP Non-CHP,2,5.0,5.0,5.0,12,2019,15,3.8,3.8,LIB,,,,3.8,CS,,,,,,,,,,,Y
63708,OYA Blanchard Road 2 LLC,64087,Blanchard Road 2 Community Solar,NY,Jefferson,BR2S,OP,Batteries,BA,IPP Non-CHP,2,5.0,5.0,5.0,12,2019,15,3.8,3.8,LIB,,,,3.8,CS,,,,,,,,,,,Y
63709,OYA NYS Rte 12 LLC,64090,NYS Rte 12 Community Solar,NY,Jefferson,NR12S,OP,Batteries,BA,IPP Non-CHP,2,5.0,5.0,5.0,12,2019,15,3.8,3.8,LIB,,,,3.8,CS,,,,,,,,,,,Y
63711,OYA Great Lakes Seaway LLC,64092,Great Lakes Seaway Community Solar,NY,Jefferson,GLSS,OP,Batteries,BA,IPP Non-CHP,2,5.0,5.0,5.0,12,2019,15,3.8,3.8,LIB,,,,3.8,CS,,,,,,,,,,,Y
63731,Desert Harvest II LLC,64103,Desert Harvest II LLC,CA,Riverside,DH003,OP,Batteries,BA,IPP Non-CHP,2,35.0,35.0,35.0,1,2021,140,35,35,LIB,,,,11.5,CS,Y,,,,,,,,,,N
63733,"Maverick Solar 6, LLC",64105,"Maverick Solar 6, LLC",CA,Riverside,MAV04,OP,Batteries,BA,IPP Non-CHP,2,50.0,50.0,50.0,6,2022,200,50,50,LIB,,,,16.5,CS,Y,,,,,,Y,,,,Y
64059,Ware Palmer Road Solar LLC,64128,Ware Palmer Road Solar LLC CSG,MA,Hampshire,WPRB,OP,Batteries,BA,IPP Non-CHP,2,2.0,2.0,2.0,6,2021,4.5,2,2,LIB,,,,1.1,CS,,,,,Y,,Y,N,,,Y
64058,East Brookfield Adams Road Solar LLC,64129,East Brookfield Adams Road Solar LLC CSG,MA,Worcester,EBARB,OP,Batteries,BA,IPP Non-CHP,2,3.1,2.8,2.8,6,2021,6.3,3,3,LIB,,,,1.1,CS,,,,,Y,,Y,,,,Y
61012,AES Distributed Energy,64140,"BWC Stony Brook, LLC Hybrid",MA,Middlesex,BESS,OP,Batteries,BA,IPP Non-CHP,2,0.7,0.7,0.7,7,2021,1.4,0.7,0.7,LIB,,,,0.9,CT,,,,,,,Y,,,,Y
61012,AES Distributed Energy,64147,ZPD-PT Solar Project 2017-038 Hybrid LLC,MA,Worcester,DRAES,OP,Batteries,BA,IPP Non-CHP,2,3.5,3.5,3.5,4,2021,6.7,3.5,3.5,LIB,,,,0.9,CT,,,,,,,Y,,,,Y
63772,"Fish Springs Ranch Solar, LLC",64148,Fish Springs,NV,Washoe,FISHB,OP,Batteries,BA,IPP Non-CHP,2,25.0,25.0,25.0,3,2022,100,25,25,LIB,,,,8.2,CS,,,,,,,Y,,,,Y
61012,AES Distributed Energy,64170,"BWC Muddy Brook, LLC Hybrid",MA,Worcester,MBES,OP,Batteries,BA,IPP Non-CHP,2,0.9,0.9,0.9,9,2021,1.8,0.9,0.9,LIB,,,,0.9,CT,,,,,,,Y,,,,Y
61012,AES Distributed Energy,64182,"BWC Lake Lashaway, LLC Hybrid",MA,Worcester,DRAES,OP,Batteries,BA,IPP Non-CHP,2,3.7,3.7,3.7,5,2021,9,3.7,3.7,LIB,,,,0.9,CT,,,,,,,Y,,,,Y
61012,AES Distributed Energy,64185,ZPD-PT Solar Project 2017-023 LLC Hybrid CSG,MA,Worcester,DRAES,OP,Batteries,BA,IPP Non-CHP,2,1.9,1.9,1.9,1,2021,3.5,1.9,1.9,LIB,,,,0.9,CT,,,,,,,Y,,,,Y
61012,AES Distributed Energy,64187,ZPD-PT Solar Project 2017-021 LLC Hybrid CSG,MA,Hampden,DRAES,OP,Batteries,BA,IPP Non-CHP,2,0.7,1.0,1.0,1,2021,2.5,0.7,0.7,LIB,,,,0.9,CT,,,,,,,Y,,,,Y
20160,Energy Northwest,64198,"Horn Rapids Solar, Storage and Training",WA,Benton,HRBE,OP,Batteries,BA,Electric Utility,1,1.0,1.0,1.0,12,2020,4,1,1,LIB,,,,2.4,CS,,,,,Y,,Y,,,,
15470,"Duke Energy Indiana, LLC",64207,Crane Battery Energy Storage System,IN,Martin,ES1,OP,Batteries,BA,Electric Utility,1,5.0,5.0,5.0,12,2020,5,5,5,LIB,,,,5,CS,,Y,,,,,,,,,
61514,"Agilitas Energy, LLC",64213,Auburn Solar Project,MA,Worcester,BEAUB,OP,Batteries,BA,IPP Non-CHP,2,3.8,3.8,3.8,5,2022,9.4,3.7,3.7,LIB,,,,3.7,CS,,,,,N,,,,,,Y
63842,"BCSB, LLC",64222,Burt County Solar Hybrid,NE,Burt,2,OP,Batteries,BA,IPP Non-CHP,2,0.7,0.7,0.7,6,2021,3,0.7,0.7,LIB,,,,0.8,CS,,,,,Y,,Y,,Y,,Y
63842,"BCSB, LLC",64223,Dodge County Solar Hybrid,NE,Dodge,2,OP,Batteries,BA,IPP Non-CHP,2,0.7,0.7,0.7,6,2021,3,0.7,0.7,LIB,,,,0.8,CS,,,,,Y,,Y,,Y,,Y
63873,Lincoln Medical and Mental Health Center,64291,Lincoln Medical and Mental Health Center,NY,Bronx,B1,OP,Batteries,BA,Commercial Non-CHP,4,1.0,1.0,1.0,6,1970,1,1,1,PBB,,,,0.8,BL,,,,,,,,,,Y,
63873,Lincoln Medical and Mental Health Center,64291,Lincoln Medical and Mental Health Center,NY,Bronx,B2,OP,Batteries,BA,Commercial Non-CHP,4,1.0,1.0,1.0,6,1970,1,1,1,PBB,,,,0.8,BL,,,,,,,,,,Y,
63873,Lincoln Medical and Mental Health Center,64291,Lincoln Medical and Mental Health Center,NY,Bronx,B3,OP,Batteries,BA,Commercial Non-CHP,4,1.0,1.0,1.0,1,1998,1,1,1,PBB,,,,0.8,BL,,,,,,,,,,Y,
63883,Broad Reach Power,64293,Alvin,TX,Brazoria,ALVIN,OP,Batteries,BA,IPP Non-CHP,2,9.9,9.9,9.9,10,2020,9.9,9.9,9.9,LIB,,,,11,CS,Y,Y,,Y,,,,,,,
63883,Broad Reach Power,64294,Odessa,TX,Ector,ODSA,OP,Batteries,BA,IPP Non-CHP,2,9.9,9.9,9.9,10,2020,9.9,9.9,9.9,LIB,,,,11,CS,Y,Y,,Y,,,,,,,
63883,Broad Reach Power,64295,Angleton,TX,Brazoria,ANGLE,OP,Batteries,BA,IPP Non-CHP,2,9.9,9.9,9.9,11,2020,9.9,9.9,9.9,LIB,,,,11,CS,Y,Y,,Y,,,,,,,
63883,Broad Reach Power,64296,Brazoria,TX,Brazoria,BRAZ,OP,Batteries,BA,IPP Non-CHP,2,9.9,9.9,9.9,11,2020,9.9,9.9,9.9,LIB,,,,11,CS,Y,Y,,Y,,,,,,,
63883,Broad Reach Power,64297,Heights,TX,Galveston,H8S,OP,Batteries,BA,IPP Non-CHP,2,9.9,9.9,9.9,12,2020,9.9,9.9,9.9,LIB,,,,11,CS,Y,Y,,Y,,,,,,,
63883,Broad Reach Power,64298,Magnolia TX,TX,Galveston,MANGO,OP,Batteries,BA,IPP Non-CHP,2,9.9,9.9,9.9,12,2020,9.9,9.9,9.9,LIB,,,,11,CS,Y,Y,,Y,,,,,,,
63883,Broad Reach Power,64312,Bat Cave,TX,Mason,BC,OP,Batteries,BA,IPP Non-CHP,2,100.0,100.0,100.0,10,2021,110,100,100,LIB,,,,103,CS,Y,Y,,Y,,,,,,,
63883,Broad Reach Power,64314,Dickinson,TX,Galveston,DIKN,OP,Batteries,BA,IPP Non-CHP,2,9.9,9.9,9.9,6,2021,9.9,9.9,9.9,LIB,,,,11,CS,Y,Y,,Y,,,,,,,
63883,Broad Reach Power,64315,Loop 463,TX,Victoria,LOOP,OP,Batteries,BA,IPP Non-CHP,2,9.9,9.9,9.9,8,2021,9.9,9.9,9.9,LIB,,,,11,CS,Y,Y,,Y,,,,,,,
63883,Broad Reach Power,64316,Lopeno,TX,Zapata,LOPE,OP,Batteries,BA,IPP Non-CHP,2,9.9,9.9,9.9,3,2022,9.9,9.9,9.9,LIB,,,,11,CS,Y,Y,,Y,,,,,,,
63883,Broad Reach Power,64317,North Fork TX,TX,Williamson,NF,OP,Batteries,BA,IPP Non-CHP,2,100.0,100.0,100.0,10,2021,110,100,100,LIB,,,,103,CS,Y,Y,,Y,,,,,,,
63883,Broad Reach Power,64318,Pueblo BA,TX,Maverick,PBL1,OP,Batteries,BA,IPP Non-CHP,2,9.9,9.9,9.9,3,2022,9.9,9.9,9.9,LIB,,,,11,CS,Y,Y,,Y,,,,,,,
63883,Broad Reach Power,64318,Pueblo BA,TX,Maverick,PBL2,OP,Batteries,BA,IPP Non-CHP,2,9.9,9.9,9.9,3,2022,9.9,9.9,9.9,LIB,,,,11,CS,Y,Y,,Y,,,,,,,
63883,Broad Reach Power,64319,Ranchtown,TX,Bexar,RANCH,OP,Batteries,BA,IPP Non-CHP,2,9.9,9.9,9.9,10,2021,9.9,9.9,9.9,LIB,,,,11,CS,Y,Y,,Y,,,,,,,
63883,Broad Reach Power,64321,Sweeny,TX,Brazoria,SWNY,OP,Batteries,BA,IPP Non-CHP,2,9.9,9.9,9.9,4,2021,9.9,9.9,9.9,LIB,,,,11,CS,Y,Y,,Y,,,,,,,
63883,Broad Reach Power,64322,Zapata,TX,Zapata,ZPT1,OP,Batteries,BA,IPP Non-CHP,2,9.9,9.9,9.9,3,2022,9.9,9.9,9.9,LIB,,,,11,CS,Y,Y,,Y,,,,,,,
63883,Broad Reach Power,64322,Zapata,TX,Zapata,ZPT2,OP,Batteries,BA,IPP Non-CHP,2,9.9,9.9,9.9,3,2022,9.9,9.9,9.9,LIB,,,,11,CS,Y,Y,,Y,,,,,,,
63991,"DG New York CS, LLC",64374,Norwich Solar and Energy Storage CSG,NY,Chenango,NRWCB,OP,Batteries,BA,IPP Non-CHP,2,5.0,5.0,5.0,9,2021,15,3,3,LIB,,,,2.6,CS,,,,,Y,,Y,,,,Y
9417,Interstate Power and Light Co,64375,Decorah Battery,IA,Winneshiek,BESS1,OP,Batteries,BA,Electric Utility,1,2.5,2.5,2.5,6,2021,2.9,2.5,2.5,LIB,,,,2.5,CS,,,,,,Y,,,Y,,Y
61012,AES Distributed Energy,64395,ZPD-PT Solar Project 2017-006 LLC Hybrid,MA,Worcester,DRAES,OP,Batteries,BA,IPP Non-CHP,2,2.5,4.0,4.0,7,2021,5,2.5,2.5,LIB,,,,0.9,CT,,,,,,,Y,,,,Y
63432,SkyHigh 2 Solar,64400,BYU - Hawaii,HI,Honolulu,BYESS,OP,Batteries,BA,Commercial Non-CHP,4,1.9,1.9,1.9,11,2021,1.9,1.9,1.9,LIB,,,,1.9,CS,Y,,,,,,Y,,,,Y
63289,Key Capture Energy,64423,TX7 Flat Top,TX,Reeves,TX7,OP,Batteries,BA,IPP Non-CHP,2,9.9,9.9,9.9,5,2020,16.5,9.9,9.9,LIB,,,,9.9,CS,Y,Y,,Y,,,,,,,
63289,Key Capture Energy,64424,TX8 Worsham,TX,Pecos,TX8,OP,Batteries,BA,IPP Non-CHP,2,9.9,9.9,9.9,2,2020,17.9,9.9,9.9,LIB,,,,9.9,CS,Y,Y,,Y,,,,,,,
63289,Key Capture Energy,64425,TX2 Port Lavaca,TX,Calhoun,TX2,OP,Batteries,BA,IPP Non-CHP,2,9.9,9.9,9.9,3,2020,11.9,9.9,9.9,LIB,,,,9.9,CS,,,,Y,,,,,,,
64002,Wilmot Energy Center LLC,64426,Wilmot Energy Center LLC,AZ,Pima,WILBA,OP,Batteries,BA,IPP Non-CHP,2,30.0,30.0,30.0,4,2021,60,30,30,LIB,,,,1,CS,,Y,,,,,Y,Y,,,Y
64069,"Breckenridge Street Solar 1, LLC",64432,Breckenridge Solar,MA,Hampden,BBA,OP,Batteries,BA,IPP Non-CHP,2,2.2,2.2,2.2,11,2020,4.7,2.2,2.2,LIB,,,,2.2,CS,,,,,,,,,,,Y
64073,"Wilmarth Lane Solar 1, LLC",64436,Wilmarth Solar,MA,Norfolk,WILB,OP,Batteries,BA,IPP Non-CHP,2,2.3,2.3,2.3,2,2020,4.6,2.3,2.3,LIB,,,,2.3,CS,,,,,,,,,,,Y
57365,Consolidated Edison Solutions Inc.,64442,Mt Pleasant Community Center,NY,Westchester,MPES,OP,Batteries,BA,IPP Non-CHP,2,0.7,0.7,0.7,11,2022,3,0.5,0.7,LIB,,,,0.5,CS,,,,,,,,,,,Y
17470,PUD 1 of Snohomish County,64446,Arlington Microgrid,WA,Snohomish,AMGB,OP,Batteries,BA,Electric Utility,1,1.0,1.0,1.0,10,2021,1.4,1,1,LIB,,,,1,CS,Y,,,,Y,,Y,,,Y,Y
64118,"Grissom Solar, LLC",64450,"Grissom Solar, LLC",NC,Halifax,GSF02,OP,Batteries,BA,IPP Non-CHP,2,10.0,10.0,10.0,5,2021,10,5,5,LIB,,,,4.4,CS,,,,,,,,Y,,,Y
63991,"DG New York CS, LLC",64453,Volney II,NY,Oswego,VOLES,OP,Batteries,BA,IPP Non-CHP,2,3.0,3.0,3.0,2,2021,12,3,3,LIB,,,,2.6,CS,,,,,Y,,Y,,,,Y
64144,Arlington Energy Center II,64481,Arlington Energy Center II,CA,Riverside,AEC2B,OP,Batteries,BA,IPP Non-CHP,2,132.0,132.0,132.0,8,2022,528,132,132,LIB,,,,43.4,CT,Y,Y,,Y,,,,,,,Y
13683,North Carolina El Member Corp,64508,Hall Solar Energy Storage,NC,Duplin,BAT1,OP,Batteries,BA,Electric Utility,1,2.5,2.5,2.5,1,2022,5,2,2,LIB,,,,5,CS,,,,,,,,Y,,,Y
13683,North Carolina El Member Corp,64514,Ludie Brown Solar Energy Storage,NC,Duplin,BAT1,OP,Batteries,BA,Electric Utility,1,2.5,2.5,2.5,1,2022,2.5,2,2,LIB,,,,2.5,CS,,,,,,,,Y,,,Y
13683,North Carolina El Member Corp,64516,Lowe Solar Energy Storage,NC,Randolph,BAT1,OP,Batteries,BA,Electric Utility,1,2.5,2.5,2.5,1,2022,5,2,2,LIB,,,,2.5,CS,,,,,,,,Y,,,Y
13683,North Carolina El Member Corp,64520,Spencer Meadow Solar Energy Storage,NC,Randolph,BAT1,OP,Batteries,BA,Electric Utility,1,2.5,2.5,2.5,1,2022,5,2,2,LIB,,,,2.5,CS,,,,,,,,Y,,,Y
13683,North Carolina El Member Corp,64522,Old Cedar Solar Energy Storage,NC,Randolph,BAT1,OP,Batteries,BA,Electric Utility,1,1.3,1.3,1.3,8,2021,2,1,1,LIB,,,,2,CS,N,,,,,,Y,Y,,,Y
60947,Tesla Inc.,64528,Gambit Energy Storage - Angleton Storage,TX,Brazoria,1,OP,Batteries,BA,IPP Non-CHP,2,100.0,100.0,100.0,6,2021,200,100,100,LIB,,,,32.9,CS,Y,Y,,Y,,,,,,,
6452,Florida Power & Light Co,64546,Wynwood Energy Storage,FL,Miami Dade,1,OP,Batteries,BA,Electric Utility,1,10.0,10.0,10.0,12,2019,40,10,10,LIB,,,,0.5,BL,,,,,,Y,Y,,,,
64199,Arlington Energy Center III,64564,Arlington Energy Center III,CA,Riverside,AEC3B,OP,Batteries,BA,IPP Non-CHP,2,110.0,110.0,110.0,8,2022,440,110,110,LIB,,,,36.2,CT,Y,Y,,Y,,,,,,,Y
62854,"Solar Star California LXXVIII, LLC",64601,County of San Diego COC Hybrid,CA,San Diego,ESS,OP,Batteries,BA,IPP Non-CHP,2,0.4,0.5,0.5,7,2020,1,0.4,0.4,LIB,,,,1,CS,,,,,,,,Y,,,Y
64229,"SEPV Sierra, LLC",64611,SEPV Sierra,CA,Los Angeles,1,OP,Batteries,BA,IPP Non-CHP,2,8.3,8.3,8.3,4,2020,3.4,6,6,LIB,,,,6,CS,Y,,,Y,Y,,,Y,Y,,Y
16609,San Diego Gas & Electric Co,64612,Kearny North Energy Storage,CA,San Diego,KNES,OP,Batteries,BA,Electric Utility,1,10.0,10.0,10.0,2,2022,40,10,10,LIB,,,,10,CS,Y,,Y,Y,,,,,,,
16609,San Diego Gas & Electric Co,64614,Kearny South Energy Storage,CA,San Diego,KSES,OP,Batteries,BA,Electric Utility,1,10.0,10.0,10.0,2,2022,40,10,10,LIB,,,,10,CS,Y,,,Y,,,,,,,
64234,Kearsarge William Way LLC,64617,Kearsarge William Way,MA,Norfolk,BWBAT,OP,Batteries,BA,IPP Non-CHP,2,2.6,2.6,2.6,12,2021,9.5,2.6,2.6,LIB,,,,4.4,CS,,Y,,,,,Y,,,,Y
64235,Kearsarge Haverhill LLC,64618,Kearsarge Haverhill,MA,Essex,HABAT,OP,Batteries,BA,IPP Non-CHP,2,2.0,2.0,2.0,3,2021,9,2,2,LIB,,,,2,CS,,Y,,,,,Y,,,,Y
64237,Kearsarge Montague BD LLC,64620,Kearsarge Montague BD(CSG),MA,Franklin,MBBAT,OP,Batteries,BA,IPP Non-CHP,2,1.3,1.3,1.3,11,2021,5.1,1.3,1.3,LIB,,,,1.3,CS,,Y,,,N,N,Y,,,,Y
61944,MN8 Energy LLC,64624,Hudson - High Desert Hybrid,CA,San Bernardino,BESS1,OP,Batteries,BA,IPP Non-CHP,2,50.0,50.0,50.0,12,2021,50,50,50,LIB,,,,50,CS,,,,,,,,,,,Y
64241,"Blodgett Street Solar 1, LLC",64627,Blodgett Solar CSG,MA,Middlesex,BLO,OP,Batteries,BA,IPP Non-CHP,2,5.0,5.0,5.0,8,2021,4.9,2.2,2.2,LIB,,,,2.3,CS,,,,,,,Y,,,,Y
50123,"Leeward Asset Management, LLC",64630,"Rabbitbrush Solar, LLC",CA,Kern,RBBAT,OP,Batteries,BA,IPP Non-CHP,2,20.0,20.0,20.0,10,2022,50,20,20,LIB,,,,80,CS,,,,,,,,,,,Y
3046,Duke Energy Progress - (NC),64640,Hot Springs Energy Storage & Microgrid,NC,Madison,ES1,OP,Batteries,BA,Electric Utility,1,4.4,4.4,4.4,7,2022,4.4,4.4,4.4,LIB,,,,3,CS,,Y,,,,N,Y,,,Y,Y
64258,"Clark Road Solar 1, LLC",64664,"Clark Road Solar 1, LLC",MA,Worcester,10605,OP,Batteries,BA,IPP Non-CHP,2,3.3,3.3,3.1,11,2021,3,3,3,LIB,,,,0,CS,,,,,Y,,,,,,Y
49893,Invenergy Services LLC,64686,Orangeville Storage,NY,Wyoming,65002,OP,Batteries,BA,IPP Non-CHP,2,24.7,20.0,20.0,10,2022,20,20,20,LIB,,,,6.8,OT,,Y,,,,,,,,,
61012,AES Distributed Energy,64696,"Dunstable Solar 1, LLC",MA,Middlesex,DUBLN,OP,Batteries,BA,IPP Non-CHP,2,4.5,4.5,4.5,4,2021,20.2,4.5,4.5,LIB,,,,0.9,CS,,,,,,,,,,,Y
64282,"LeConte Energy Storage, LLC",64701,LeConte Energy Storage,CA,Imperial,LCES,OP,Batteries,BA,IPP Non-CHP,2,125.0,125.0,125.0,9,2022,250,125,125,LIB,,,,53.6,CS,Y,Y,,Y,,,,,,,
64287,Terra-Gen Operating Co-BESS,64712,Sanborn BESS 1,CA,Kern,ESSB1,OP,Batteries,BA,IPP Non-CHP,2,100.0,100.0,100.0,9,2021,200,100,100,LIB,,,,67.6,CS,Y,,,,,,,,,,
64287,Terra-Gen Operating Co-BESS,64713,Sanborn BESS 2,CA,Kern,ESSB2,OP,Batteries,BA,IPP Non-CHP,2,100.0,100.0,100.0,11,2021,400,100,100,LIB,,,,67.6,CS,Y,Y,,,,,,,,,
61012,AES Distributed Energy,64719,Glenmere Lake,NY,Orange,BESS,OP,Batteries,BA,IPP Non-CHP,2,2.0,2.0,2.0,6,2021,7.5,2,2,LIB,,,,0.9,CT,,,,,,,Y,,,,Y
61012,AES Distributed Energy,64726,West Haydenville PJ Community Solar,MA,Hampshire,BESS,OP,Batteries,BA,IPP Non-CHP,2,3.6,3.6,3.6,9,2022,8,3,3,LIB,,,,0.9,CT,,,,,,,,,,,Y
61012,AES Distributed Energy,64727,Brookwood Drive Community Solar,MA,Bristol,BESS,OP,Batteries,BA,IPP Non-CHP,2,3.0,3.0,3.0,8,2022,8,3,3,LIB,,,,0,OT,,,,,,,,,,,Y
64296,"Maple Street Solar 1, LLC",64731,Maple(CSG),MA,Norfolk,M2,OP,Batteries,BA,IPP Non-CHP,2,2.3,2.3,2.3,11,2021,4.8,2.2,2.2,OTH,,,,2.3,CS,,,,,,,,,,,Y
64303,VESI 10 LLC,64743,Tierra Buena Energy Storage,CA,Sutter,TB1,OP,Batteries,BA,IPP Non-CHP,2,2.5,2.5,2.5,6,2022,2.5,2.5,2.5,LIB,,,,4.4,CS,Y,Y,,Y,,,,,,,
64303,VESI 10 LLC,64743,Tierra Buena Energy Storage,CA,Sutter,TB2,OP,Batteries,BA,IPP Non-CHP,2,2.5,2.5,2.5,6,2022,2.5,2.5,2.5,LIB,,,,4.4,CS,Y,Y,,Y,,,,,,,
61514,"Agilitas Energy, LLC",64760,Ocean State BTM,RI,Providence,MESS,OP,Batteries,BA,IPP Non-CHP,2,3.0,3.0,3.0,6,2022,10,3,0.1,LIB,,,,5,CS,Y,Y,,Y,,,,,,,
61514,"Agilitas Energy, LLC",64763,Rumford ESS,ME,Oxford,RUM,OP,Batteries,BA,IPP Non-CHP,2,4.9,4.9,4.9,6,2021,10,4.9,4.9,LIB,,,,4.9,CS,Y,Y,Y,,,,Y,,,,
61514,"Agilitas Energy, LLC",64764,Madison BTM,ME,Somerset,MBTM,OP,Batteries,BA,IPP Non-CHP,2,1.5,1.5,1.5,1,2020,3.1,1.5,1.5,LIB,,,,3.1,CS,Y,Y,Y,,,,Y,,,,
61514,"Agilitas Energy, LLC",64765,Madison ESS,ME,Somerset,MESS,OP,Batteries,BA,IPP Non-CHP,2,4.9,4.9,4.9,6,2019,10,4.9,4.9,LIB,,,,5,CS,Y,Y,Y,,,,Y,,,,
60868,Redwood Coast Energy Authority,64766,Redwood Coast Airport Microgrid,CA,Humboldt,RCAM2,OP,Batteries,BA,Electric Utility,1,2.2,1.8,1.8,12,2021,8.8,1.5,1.8,LIB,,,,2.3,CS,Y,,,,Y,,,,,Y,Y
64381,"276FED WHAM8 Solar, LLC",64875,276 Federal Rd(CSG),MA,Plymouth,276FB,OP,Batteries,BA,IPP Non-CHP,2,3.3,3.3,3.3,11,2021,6.9,3.3,3.3,LIB,,,,1,CS,,,,,,,,,,,Y
64380,"0HAM WHAM8 Solar, LLC",64876,0 Hammond St CSG,MA,Plymouth,OHAMB,OP,Batteries,BA,IPP Non-CHP,2,5.0,5.0,5.0,10,2021,4.9,2.2,2.2,LIB,,,,2.3,CS,,,,,,,Y,,,,Y
64366,Terra-Gen Operating Co-Hybrid,64877,Edwards Sanborn E3,CA,Kern,BESS,OP,Batteries,BA,IPP Non-CHP,2,11.0,11.0,11.0,12,2021,31.5,13.2,13.2,LIB,,,,8.3,CS,Y,Y,,,,,,,,,Y
64366,Terra-Gen Operating Co-Hybrid,64878,Edwards Sanborn E1A,CA,Kern,BESS,OP,Batteries,BA,IPP Non-CHP,2,144.0,144.0,144.0,8,2022,272,130,130,LIB,,,,133.4,CS,Y,Y,,Y,,,,,,,Y
64366,Terra-Gen Operating Co-Hybrid,64879,Edwards Sanborn E2,CA,Kern,BESS,OP,Batteries,BA,IPP Non-CHP,2,120.0,120.0,120.0,4,2022,250,122.8,122.8,LIB,,,,122.8,CS,Y,Y,,Y,,,,,,,Y
5701,El Paso Electric Co,64881,NMSU Solar and Storage,NM,Dona Ana,NMSUB,OP,Batteries,BA,Electric Utility,1,1.0,1.0,1.0,5,2022,4,1,1,LIB,,,,1,CS,,,,,Y,,Y,,,,Y
64400,Flower Valley,64915,Flower Valley I,TX,Reeves,FLRV1,OP,Batteries,BA,IPP Non-CHP,2,9.9,9.9,9.9,5,2021,19.8,9.9,9.9,LIB,,,,6.6,CS,Y,Y,,Y,,,,,,N,N
64401,Swoose,64916,Swoose I,TX,Ward,SWOO1,OP,Batteries,BA,IPP Non-CHP,2,9.9,9.9,9.9,7,2021,19.8,9.9,9.9,LIB,,,,6.6,CS,Y,Y,,Y,,,,,,,
64402,Triple Butte,64917,Triple Butte I,TX,Pecos,TRBT1,OP,Batteries,BA,IPP Non-CHP,2,7.5,7.5,7.5,7,2021,15,7.5,7.5,LIB,,,,3.7,CS,Y,Y,,Y,,,,,,,
63522,"Johanna Energy Center, LLC",64921,Santa Ana Storage 2,CA,Orange,SAP2,OP,Batteries,BA,IPP Non-CHP,2,20.0,20.0,20.0,6,2022,80,20,20,LIB,,,,7,CS,Y,Y,Y,Y,,,,,,,
64366,Terra-Gen Operating Co-Hybrid,64928,Edwards Sanborn S3,CA,Kern,BESS,OP,Batteries,BA,IPP Non-CHP,2,33.0,33.0,33.0,7,2022,70,35.1,35.1,LIB,,,,35.1,CS,Y,Y,,Y,,,,,,,Y
64366,Terra-Gen Operating Co-Hybrid,64929,Edwards Sanborn S1,CA,Kern,BESS,OP,Batteries,BA,IPP Non-CHP,2,40.0,40.0,40.0,7,2022,83.5,42.1,42.1,LIB,,,,42.1,CS,Y,Y,,Y,,,,,,,Y
64417,"59FED WHAM8 Solar, LLC",64970,59 Federal Rd(CSG),MA,Plymouth,59FBA,OP,Batteries,BA,IPP Non-CHP,2,5.0,5.0,5.0,11,2021,20.5,5,5,LIB,,,,1,CS,,,,,,,,,,,Y
64427,UMass Boston,64980,UMass Boston,MA,Suffolk,BATT1,OP,Batteries,BA,Commercial Non-CHP,4,0.5,0.5,0.5,1,2021,2.1,0.5,0.5,LIB,,,,0.5,BL,Y,,,,,,Y,,,,
64424,"Big Beau Solar, LLC  ",64993,"BigBeau Solar, LLC",CA,Kern,BB1BA,OP,Batteries,BA,IPP Non-CHP,2,40.0,40.0,40.0,12,2022,160,40,40,LIB,,,,13.1,CS,,,,,,,,,,,Y
65500,ASD Wallum MA Solar LLC,65015,ASD Wallum MA Solar LLC(CSG),MA,Worcester,WAL1B,OP,Batteries,BA,IPP Non-CHP,2,3.8,3.8,3.8,1,2022,12.8,3.8,3.8,LIB,,,,0.7,CS,,,,,Y,,Y,,,,Y
4254,Consumers Energy Co,65029,Bissell Solar and Battery Generator,MI,Kent,BISBP,OP,Batteries,BA,Electric Utility,1,0.3,0.3,0.3,10,2021,0.5,0.3,0.3,LIB,,,,0,BL,Y,,Y,,Y,Y,Y,Y,,,Y
64459,"Blythe Mesa Solar II, LLC",65053,Blythe Mesa Solar II,CA,Riverside,BMSES,OP,Batteries,BA,IPP Non-CHP,2,112.0,112.0,112.0,12,2022,448,112,112,LIB,,,,36.8,CS,Y,,,,,,,,,,Y
64470,"71CFR WHAM8 Solar, LLC",65054,71 Charlotte Furnace Rd Hybrid(CSG),MA,Plymouth,71CBA,OP,Batteries,BA,IPP Non-CHP,2,1.0,1.0,1.0,12,2021,5.4,1,1,LIB,,,,0.3,CS,,,,,,,,,,,Y
64471,"77F2M WHAM8 Solar, LLC",65055,77 Farm to Market Rd Hybrid(CSG),MA,Plymouth,77FBA,OP,Batteries,BA,IPP Non-CHP,2,2.2,2.2,2.2,12,2021,4.8,2.2,2.2,LIB,,,,0.7,CS,,,,,,,,,,,Y
64472,"160TIH WHAM8 Solar, LLC",65056,160 Tihonet Rd Hybrid(CSG),MA,Plymouth,160BA,OP,Batteries,BA,IPP Non-CHP,2,3.3,3.3,3.3,12,2021,6.9,3.3,3.3,LIB,,,,1.1,CS,,,,,,,,,,,Y
64473,"299F2M WHAM8 Solar, LLC",65057,299 Farm to Market Rd Hybrid(CSG),MA,Plymouth,299BA,OP,Batteries,BA,IPP Non-CHP,2,2.3,2.3,2.3,12,2021,4.9,2.2,2.2,LIB,,,,0.7,CS,,,,,,,,,,,Y
64486,"DG Nebraska Energy Storage, LLC",65098,South Sioux City Energy Storage,NE,Dakota,SSCES,OP,Batteries,BA,IPP Non-CHP,2,1.5,1.5,1.5,12,2020,3,1.5,1.5,LIB,,,,1.5,CS,,,,,,,Y,,,,
64420,"196TRE WHAM8 Solar, LLC",65114,196 Tremont St(CSG),MA,Plymouth,196BA,OP,Batteries,BA,IPP Non-CHP,2,1.5,1.5,1.5,11,2021,8,1.5,1.5,LIB,,,,1,CS,,,,,,,,,,,Y
65155,The Greater Light USA LLC,65132,University of the Pacific,CA,San Joaquin,BA1,OP,Batteries,BA,IPP Non-CHP,2,1.0,1.0,1.0,5,2022,2.2,1,1,LIB,,,,1,CS,,,,,,,Y,,,,Y
64513,RE Crimson LLC,65140,Crimson,CA,Riverside,SWSH1,OP,Batteries,BA,IPP Non-CHP,2,200.0,200.0,200.0,10,2022,800,175,175,LIB,,,,5,CS,,Y,,,,,,,,,
64513,RE Crimson LLC,65140,Crimson,CA,Riverside,SWSH2,OP,Batteries,BA,IPP Non-CHP,2,150.0,150.0,150.0,10,2022,600,133,131,LIB,,,,5,CS,,Y,,,,,,,,,
56769,Consolidated Edison Development Inc.,65154,UMass PV Lot 22,MA,Hampshire,U22ES,OP,Batteries,BA,IPP Non-CHP,2,2.0,2.0,1.2,9,2022,4.3,1.1,0.9,LIB,,,,0.5,CS,,,,,,,,Y,,,
64534,"Cranberry Highway Solar, LLC",65174,Cranberry Highway Solar LLC,MA,Plymouth,BA1,OP,Batteries,BA,IPP Non-CHP,2,2.0,2.0,2.0,3,2021,4.5,2,2,LIB,,,,0.7,CS,Y,Y,,,,,,,,,
61012,AES Distributed Energy,65217,South Goshen Community Solar,NY,Orange,BESS,OP,Batteries,BA,IPP Non-CHP,2,4.5,4.5,4.5,9,2021,17,4.5,4.5,LIB,,,,5,OT,,,,,,,,,,,Y
64560,"Charlemont MA, LLC",65242,Charlemont A,MA,Franklin,CMSB,OP,Batteries,BA,IPP Non-CHP,2,2.5,2.5,2.5,9,2021,3.8,1.5,1.5,LIB,,,,98,CS,,,,,,,Y,,,,Y
64564,Byrd Ranch Storage LLC,65259,Byrd Ranch Storage,TX,Brazoria,P1,OP,Batteries,BA,IPP Non-CHP,2,50.0,50.0,50.0,11,2022,50,50,50,LIB,,,,16.4,CS,Y,,,,,,,,Y,,
64568,"BT Noble Solar, LLC",65271,Noble Solar,TX,Denton,NBSTG,OP,Batteries,BA,IPP Non-CHP,2,125.0,125.0,125.0,10,2022,125,125,125,LIB,,,,41.2,CS,Y,Y,,Y,,,,,Y,,Y
64724,"Lincoln Solar Star, LLC",65382,Lincoln WWTF Hybrid,CA,Placer,ESS,OP,Batteries,BA,IPP Non-CHP,2,1.0,1.0,1.0,3,2022,2,1,1,LIB,,,,1,CS,,,,,,,,Y,,,Y
64754,Gilead Sciences Inc.,65408,Gilead Oceanside Solar Project,CA,San Diego,GOSSB,OP,Batteries,BA,IPP Non-CHP,2,0.7,0.7,0.7,12,2021,3,0.7,0.7,LIB,,,,1.1,CT,Y,,,,,,Y,,,,N
64755,Gilead Sciences Inc. Foster City,65409,Gilead Foster City Solar Project,CA,San Mateo,GFCSB,OP,Batteries,BA,IPP Non-CHP,2,0.5,0.5,0.5,4,2021,0.9,0.5,0.5,LIB,,,,1.1,CT,,,,,,,,,,,Y
65173,United States Solar Corporation,65441,USS Itasca Clean Energy Solar LLC,MN,Itasca,ITCBT,OP,Batteries,BA,IPP Non-CHP,2,1.0,1.0,1.0,8,2022,3,1,1,LIB,,,,1,CS,,,,,,,,Y,,Y,Y
15477,Public Service Elec & Gas Co,65468,Highland Park Borough Solar,NJ,Middlesex,HPBA,OP,Batteries,BA,Electric Utility,1,0.6,0.6,0.6,11,2019,2.1,0.5,0.5,LIB,,,,0.6,BL,,Y,N,,Y,,Y,,Y,,
64785,Sealed Air Corporation,65469,Sealed Air Madera Solar Project,CA,Madera,SAMBA,OP,Batteries,BA,Industrial Non-CHP,6,0.8,0.8,0.8,5,2022,3.1,0.8,0.8,LIB,,,,0,CS,,,,,,,,,,,Y
13407,Nevada Power Co,65472,Chukar Battery Energy Storage System,NV,Storey,CHUK1,OP,Batteries,BA,Electric Utility,1,10.0,10.0,10.0,7,2021,40,10,10,LIB,,,,3.3,CS,,,,,,,Y,,,,Y
64809,Doc Brown LLC,65499,Danville BESS 1,VA,Danville City,90909,OP,Batteries,BA,IPP Non-CHP,2,10.5,10.5,10.5,11,2022,24.6,10,10,OTH,,,,1,CS,Y,Y,,,,,Y,,,,
20856,Wisconsin Power & Light Co,65530,Portage Industrial Battery,WI,Columbia,BESS1,OP,Batteries,BA,Electric Utility,1,5.0,5.0,5.0,8,2022,10,5,5,LIB,,,,5,CS,Y,,,,,,,,,,
64846,"Google, Inc.",65568,Google Moffett Park Solar Project,CA,Santa Clara,GMSPB,OP,Batteries,BA,IPP Non-CHP,2,0.6,0.6,0.6,3,2021,1.1,0.6,0.6,LIB,,,,0.8,CS,,,,,,,,,,,Y
64845,"Gilead Sciences, Inc. - La Verne",65569,Gilead Sciences La Verne Rooftop Solar,CA,Los Angeles,GSRBA,OP,Batteries,BA,IPP Non-CHP,2,1.1,1.1,1.1,7,2021,2.1,1.1,1.1,LIB,,,,1.1,CS,,,,,,,,,,,Y
64878,West Valley-Mission Community College District,65570,West Valley Mission CCD Solar Project,CA,Santa Clara,WVMBA,OP,Batteries,BA,IPP Non-CHP,2,0.9,0.9,0.9,9,2022,2.1,0.9,0.9,LIB,,,,0,CS,,,,,,,Y,,,,Y
64905,"Solar Star Coastal Pirate, LLC",65614,Orange Coast College PH2 Solar Project,CA,Orange,OCCBA,OP,Batteries,BA,IPP Non-CHP,2,2.1,2.1,2.1,5,2022,4,2,2,LIB,,,,1,CS,,,,,,,,Y,,,Y
64889,"Brockelman Road Solar 2, LLC",65650,Brockelman Road Solar 2,MA,Worcester,15447,OP,Batteries,BA,IPP Non-CHP,2,2.0,2.0,1.8,9,2021,1.7,1,1,LIB,,,,0,CT,,,,,Y,,,,,,Y
64938,"Faunce Corner Road Dartmouth Solar 1, LLC",65669,Faunce Corner Community Solar,MA,Bristol,FCBA,OP,Batteries,BA,IPP Non-CHP,2,1.0,1.0,1.0,7,2022,3.9,1,1,LIB,,,,0,CS,,,,,,,,,,,Y
64939,"Ventura Drive Dartmouth Solar 1, LLC",65670,Ventura,MA,Bristol,VTRBA,OP,Batteries,BA,IPP Non-CHP,2,1.0,1.0,1.0,6,2022,5,1,1,LIB,,,,0,CS,,,,,,,,,,,Y
63289,Key Capture Energy,65694,TX11 Republic Road Storage,TX,Robertson,TX11,OP,Batteries,BA,IPP Non-CHP,2,50.0,50.0,50.0,10,2022,50,50,50,LIB,,,,50,CS,Y,Y,,Y,,,,Y,,Y,
63289,Key Capture Energy,65695,TX12 Silicon Hill Storage,TX,Travis,TX12,OP,Batteries,BA,IPP Non-CHP,2,100.0,100.0,100.0,10,2022,100,100,100,LIB,,,,100,CS,Y,Y,,Y,,,,Y,,Y,
63289,Key Capture Energy,65696,TX13 Endurance Park Storage,TX,Scurry,TX13,OP,Batteries,BA,IPP Non-CHP,2,50.0,50.0,50.0,12,2022,50,50,50,LIB,,,,50,CS,Y,Y,,Y,,,,Y,,Y,
63289,Key Capture Energy,65701,TX23 Roughneck Storage,TX,Brazoria,TX23,OP,Batteries,BA,IPP Non-CHP,2,50.0,50.0,50.0,12,2022,50,50,50,LIB,,,,50,CS,Y,Y,,Y,,,,Y,,Y,
65076,"HEN Infrastructure, L.L.C.",65809,Caterina,TX,Dimmit,CATER,OP,Batteries,BA,IPP Non-CHP,2,9.9,9.9,9.9,8,2022,9.9,9.9,9.9,LIB,,,,9.9,CS,Y,Y,,,,,,,,,
65076,"HEN Infrastructure, L.L.C.",65810,Cedarville (TX),TX,Reeves,CDRVL,OP,Batteries,BA,IPP Non-CHP,2,9.9,9.9,9.9,6,2022,9.9,9.9,9.9,LIB,,,,9.9,CS,Y,Y,,N,,,,,,,
65076,"HEN Infrastructure, L.L.C.",65811,Coyote Springs (TX),TX,Reeves,CYTSP,OP,Batteries,BA,IPP Non-CHP,2,9.9,9.9,9.9,6,2022,9.9,9.9,9.9,LIB,,,,9.9,CS,Y,Y,,,,,,,,,
65076,"HEN Infrastructure, L.L.C.",65813,Faulkner,TX,Reeves,FAULK,OP,Batteries,BA,IPP Non-CHP,2,9.9,9.9,9.9,4,2022,9.9,9.9,9.9,LIB,,,,9.9,CS,Y,Y,,,,,,,,,
65056,NY - Mines Press,65815,NY - Mines Press,NY,Westchester,MPBS,OP,Batteries,BA,IPP Non-CHP,2,1.0,1.0,1.0,6,2022,2.1,0.6,0.6,LIB,,,,1,CS,Y,,Y,,Y,Y,Y,,,,
65076,"HEN Infrastructure, L.L.C.",65831,Lonestar,TX,Ward,LNSTR,OP,Batteries,BA,IPP Non-CHP,2,9.9,9.9,9.9,8,2022,9.9,9.9,9.9,LIB,,,,9.9,CS,Y,Y,,,,,,,,,
65076,"HEN Infrastructure, L.L.C.",65833,Rattlesnake (TX),TX,Ward,RTLSK,OP,Batteries,BA,IPP Non-CHP,2,9.9,9.9,9.9,6,2022,9.9,9.9,9.9,LIB,,,,9.9,CS,Y,Y,,,,,,,,,
65076,"HEN Infrastructure, L.L.C.",65834,Saddleback,TX,Reeves,SDLBK,OP,Batteries,BA,IPP Non-CHP,2,9.9,9.9,9.9,4,2022,9.9,9.9,9.9,LIB,,,,9.9,CS,Y,Y,,,,,,,,,
65076,"HEN Infrastructure, L.L.C.",65836,Toyah Power Station,TX,Reeves,TOYAH,OP,Batteries,BA,IPP Non-CHP,2,10.4,9.9,9.9,10,2021,9.9,9.9,9.9,LIB,,,,9.9,CS,Y,Y,,,,,,,,,
65076,"HEN Infrastructure, L.L.C.",65838,Hoef's Road Storage,TX,Reeves,HOEFS,OP,Batteries,BA,IPP Non-CHP,2,2.0,2.0,2.0,5,2021,2,2,2,LIB,,,,2,CS,Y,Y,,,,,,,,,
65059,"Sunlight Storage, LLC",65857,Sunlight Storage,CA,Riverside,SUNS1,OP,Batteries,BA,IPP Non-CHP,2,230.0,230.0,230.0,9,2022,920,230,230,LIB,,,,8.1,CS,,,,,,,,,,,Y
65118,AlphaStruxure Service Co LP,65945,Brookville Smart Bus Depot Microgrid,MD,Montgomery,BESS,OP,Batteries,BA,Commercial Non-CHP,4,1.5,1.5,1.5,11,2022,4.3,1.5,1.5,LIB,,,,1.5,CS,,,Y,,,,,Y,,Y,Y
65182,Flower Valley II,66007,Flower Valley II,TX,Reeves,BA,OP,Batteries,BA,IPP Non-CHP,2,101.0,101.0,101.0,4,2022,200,100,100,LIB,,,,43.4,CS,Y,Y,,Y,,,,,Y,,
65183,Swoose II,66008,Swoose II,TX,Ward,BA,OP,Batteries,BA,IPP Non-CHP,2,101.0,101.0,101.0,8,2022,200,100,100,LIB,,,,43.4,CS,Y,Y,,Y,,,,,Y,,
65184,Crossett Power Management LLC,66009,Crossett Power Management LLC,TX,Crane,BA,OP,Batteries,BA,IPP Non-CHP,2,203.0,203.0,203.0,6,2022,400,200,200,LIB,,,,67.4,CS,Y,Y,,Y,,,,,Y,,
65220,"Middleton Biogas Solar, LLC",66048,"Middleton Biogas Solar, LLC",WI,Dane,MBS-B,OP,Batteries,BA,IPP Non-CHP,2,0.3,0.3,0.3,5,2022,0.4,0.3,0.3,LIB,,,,0.2,CS,,,,,Y,,,,,Y,Y
61012,AES Distributed Energy,66050,Lancaster Area Battery,CA,Los Angeles,LAB,OP,Batteries,BA,IPP Non-CHP,2,127.0,127.0,127.0,9,2022,508,127,127,LIB,,,,75.7,CT,,Y,,,,,,,,,
65252,"Blacksmith Road Solar 1, LLC",66075,Blacksmith Road Solar 1,MA,Barnstable,18121,OP,Batteries,BA,IPP Non-CHP,2,2.0,2.0,1.8,12,2021,3.3,1,1,LIB,,,,0,CT,,,,,Y,,,,,,Y
65253,"Electric Avenue Lunenburg Solar 1, LLC",66076,Electric Avenue Lunenburg Solar 1,MA,Worcester,20410,OP,Batteries,BA,IPP Non-CHP,2,1.0,1.0,0.8,4,2022,1,1,1,LIB,,,,0,CT,,,,,,,N,,,,Y
61677,Sol Systems,66178,"South 49th 013445 SCS Norfolk, LLC",NE,Madison,9123,OP,Batteries,BA,IPP Non-CHP,2,2.1,1.0,1.0,12,2022,2.1,1,1,LIB,,,,0,CS,,,,,,,Y,,,,
65321,"Huxley Solar, LLC",66180,Huxley Solar,MA,Hampden,HUXBA,OP,Batteries,BA,IPP Non-CHP,2,5.0,5.0,5.0,12,2022,3.5,3.5,3.5,LIB,,,,2.3,CS,,Y,,,Y,,Y,,,,Y
65322,"Beacon Solar, LLC",66181,"Beacon Solar, LLC",MA,Hampshire,BEABA,OP,Batteries,BA,IPP Non-CHP,2,5.0,5.0,5.0,11,2022,7.8,2,2,LIB,,,,2.3,CS,,Y,,,Y,,Y,,,,Y
65323,"Town of Amherst Solar, LLC",66182,Town of Amherst Solar,MA,Hampshire,AMHBA,OP,Batteries,BA,IPP Non-CHP,2,2.5,2.5,2.5,8,2022,2,2,2,LIB,,,,1.3,CS,,Y,,,Y,,Y,,,,Y
61194,Generate Capital,66218,Dubois Solar (Hybrid),NY,Ulster,BAT,OP,Batteries,BA,IPP Non-CHP,2,2.0,2.0,2.0,12,2020,4.4,2,2,LIB,,,,0,CS,,,,,,,Y,,,,Y
61194,Generate Capital,66222,Landau II Solar (Hybrid),NY,Ulster,BAT,OP,Batteries,BA,IPP Non-CHP,2,4.0,4.0,4.0,12,2021,8.8,4,4,LIB,,,,0,CS,,,,,,,Y,,,,Y
61194,Generate Capital,66228,Salt Point Solar (Hybrid),NY,Dutchess,BAT,OP,Batteries,BA,IPP Non-CHP,2,2.0,2.0,2.0,1,2021,4.4,2,2,LIB,,,,0,CS,,,,,,,Y,,,,Y
61194,Generate Capital,66232,Svenski Solar (Hybrid),NY,Orange,BAT,OP,Batteries,BA,IPP Non-CHP,2,2.0,2.0,2.0,4,2022,4.4,2,2,LIB,,,,0,CS,,,,,,,Y,,,,Y
65504,"Catalyze Blackstone 83 Federal Street Microgrid, LLC",66474,MA Blackstone,MA,Worcester,B8170,OP,Batteries,BA,IPP Non-CHP,2,3.0,3.0,3.0,7,2022,6.4,2,2,LIB,,,,1,CS,,,,,,,,,,,Y
61978,Convergent Energy and Power LP,66499,Federalsburg Energy Storage 1 LLC,MD,Caroline,FDBA1,OP,Batteries,BA,IPP Non-CHP,2,1.2,1.2,1.2,11,2021,2.4,1.2,1.2,LIB,,,,1.2,CT,,,,,,,Y,,,,Y
65552,Terra-Gen Operating Co-BESS 2,66500,Valley Center 85,CA,San Diego,VC85,OP,Batteries,BA,IPP Non-CHP,2,85.0,85.0,85.0,12,2021,212,85,85,LIB,,,,85,CS,Y,Y,,Y,,,,,,,
61978,Convergent Energy and Power LP,66501,Cicero Energy Storage 1 LLC,NY,Onondaga,CCBA1,OP,Batteries,BA,IPP Non-CHP,2,5.0,5.0,5.0,3,2022,20,5,5,LIB,,,,5,CS,,,,,,Y,Y,,,,Y
65552,Terra-Gen Operating Co-BESS 2,66502,Valley Center 54,CA,San Diego,VC54,OP,Batteries,BA,IPP Non-CHP,2,54.0,54.0,54.0,11,2021,216,54,54,LIB,,,,54,CS,Y,Y,,Y,,,,,,,
61978,Convergent Energy and Power LP,66503,Cicero Energy Storage 2 LLC,NY,Onondaga,CCBA2,OP,Batteries,BA,IPP Non-CHP,2,5.0,5.0,5.0,3,2022,20,5,5,LIB,,,,5,CS,,,,,,Y,Y,,,,Y
64872,"Distributed Solar Development, LLC",66765,SCH County - (2B) 4982 Rynex Corners Rd,NY,Schenectady,3595B,OP,Batteries,BA,IPP Non-CHP,2,2.5,2.5,2.5,12,2020,10,2.5,2.5,LIB,,,,10,CS,,,,,,,Y,,,,Y
64872,"Distributed Solar Development, LLC",66767,Source Power Company - Richland,NY,Oswego,4725B,OP,Batteries,BA,IPP Non-CHP,2,2.5,2.5,2.5,11,2021,9.5,2.5,2.5,LIB,,,,9.5,CS,,,,,,,Y,,,,Y
64872,"Distributed Solar Development, LLC",66799,Bishop Ranch - BR 1-Y,CA,Contra Costa,4087B,OP,Batteries,BA,IPP Non-CHP,2,0.7,0.7,0.7,3,2022, ,2.5,2.5,LIB,,,, ,CS,Y,,Y,,,,Y,,,,Y
